id,start,dest,show time,on bus,leave
0,Oruamo Domain,Roberts Road,297,5000.0,5500.0
1,Oruamo Domain,Birkenhead Avenue,808,5000.0,8500.0
2,Oruamo Domain,Pupuke Road,1359,5000.0,7500.0
3,Oruamo Domain,Northcote Primary School,1399,5000.0,11000.0
4,Oruamo Domain,Pupuke Road,1567,5000.0,7500.0
5,Oruamo Domain,Northcote Primary School,1569,5000.0,11000.0
6,Oruamo Domain,Northcote Primary School,1983,5000.0,11000.0
7,Oruamo Domain,Fanshawe Street,3593,5000.0,12000.0
8,Oruamo Domain,Pupuke Road,4878,5000.0,7500.0
9,Oruamo Domain,Coronation Road,4997,5000.0,6000.0
10,Oruamo Domain,Park Avenue,5014,10000.0,14500.0
11,Oruamo Domain,Northcote Primary School,5741,10000.0,16000.0
12,Oruamo Domain,Aorangi Place,6315,10000.0,14000.0
13,Oruamo Domain,Coronation Road,6467,10000.0,11000.0
14,Oruamo Domain,Roberts Road,7047,10000.0,10500.0
15,Oruamo Domain,Onewa Road,7247,10000.0,15000.0
16,Oruamo Domain,Coronation Road,8206,10000.0,11000.0
17,Oruamo Domain,Fanshawe Street,8482,10000.0,17000.0
18,Oruamo Domain,McDowell Crescent,8600,10000.0,11500.0
19,Oruamo Domain,Coronation Road,9152,10000.0,11000.0
20,Oruamo Domain,Roberts Road,9435,10000.0,10500.0
21,Oruamo Domain,Pupuke Road,9445,10000.0,12500.0
22,Oruamo Domain,St Mary Catholic Church,9480,10000.0,15500.0
23,Oruamo Domain,Pupuke Road,9888,10000.0,12500.0
24,Oruamo Domain,Park Avenue,10205,15000.0,19500.0
25,Oruamo Domain,Birkenhead Avenue,10579,15000.0,18500.0
26,Oruamo Domain,McDowell Crescent,11335,15000.0,16500.0
27,Oruamo Domain,Park Avenue,12117,15000.0,19500.0
28,Oruamo Domain,Northcote Primary School,12664,15000.0,21000.0
29,Oruamo Domain,Waratah Street,14209,15000.0,18000.0
30,Oruamo Domain,Fanshawe Street,14416,15000.0,22000.0
31,Oruamo Domain,Fanshawe Street,14519,15000.0,22000.0
32,Oruamo Domain,Aorangi Place,14920,15000.0,19000.0
33,Oruamo Domain,Coroglen Avenue,15162,20000.0,22000.0
34,Oruamo Domain,Coronation Road,16360,20000.0,21000.0
35,Oruamo Domain,Birkenhead Avenue,16457,20000.0,23500.0
36,Oruamo Domain,St Mary Catholic Church,16695,20000.0,25500.0
37,Oruamo Domain,Northcote Primary School,16752,20000.0,26000.0
38,Oruamo Domain,Park Avenue,16839,20000.0,24500.0
39,Oruamo Domain,Coroglen Avenue,17096,20000.0,22000.0
40,Oruamo Domain,Coronation Road,17302,20000.0,21000.0
41,Oruamo Domain,McDowell Crescent,18270,20000.0,21500.0
42,Oruamo Domain,Northcote Primary School,18282,20000.0,26000.0
43,Oruamo Domain,Bruce Street,18375,20000.0,26500.0
44,Oruamo Domain,Onewa Road,18531,20000.0,25000.0
45,Oruamo Domain,Bruce Street,18749,20000.0,26500.0
46,Oruamo Domain,Roberts Road,19190,20000.0,20500.0
47,Oruamo Domain,Coroglen Avenue,19389,20000.0,22000.0
48,Oruamo Domain,Coronation Road,20482,25000.0,26000.0
49,Oruamo Domain,Bruce Street,20497,25000.0,31500.0
50,Oruamo Domain,Roberts Road,21445,25000.0,25500.0
51,Oruamo Domain,Park Avenue,21459,25000.0,29500.0
52,Oruamo Domain,Pupuke Road,22022,25000.0,27500.0
53,Oruamo Domain,McDowell Crescent,22641,25000.0,26500.0
54,Oruamo Domain,Northcote Primary School,24023,25000.0,31000.0
55,Oruamo Domain,St Mary Catholic Church,24478,25000.0,30500.0
56,Oruamo Domain,Coronation Road,24966,25000.0,26000.0
57,Oruamo Domain,Pupuke Road,25776,30000.0,32500.0
58,Oruamo Domain,McDowell Crescent,26735,30000.0,31500.0
59,Oruamo Domain,Birkenhead Avenue,26956,30000.0,33500.0
60,Oruamo Domain,Aorangi Place,27082,30000.0,34000.0
61,Oruamo Domain,Fanshawe Street,27689,30000.0,37000.0
62,Oruamo Domain,Bruce Street,28254,30000.0,36500.0
63,Oruamo Domain,Pupuke Road,28446,30000.0,32500.0
64,Oruamo Domain,Aorangi Place,29863,30000.0,34000.0
65,Oruamo Domain,Northcote Primary School,29922,30000.0,36000.0
66,Oruamo Domain,Pupuke Road,30688,35000.0,37500.0
67,Oruamo Domain,Park Avenue,31092,35000.0,39500.0
68,Oruamo Domain,Onewa Road,31146,35000.0,40000.0
69,Oruamo Domain,Onewa Road,31179,35000.0,40000.0
70,Oruamo Domain,Northcote Primary School,31455,35000.0,41000.0
71,Oruamo Domain,McDowell Crescent,31701,35000.0,36500.0
72,Oruamo Domain,Northcote Primary School,32526,35000.0,41000.0
73,Oruamo Domain,Northcote Primary School,32673,35000.0,41000.0
74,Oruamo Domain,Onewa Road,32946,35000.0,40000.0
75,Oruamo Domain,Roberts Road,32997,35000.0,35500.0
76,Oruamo Domain,Onewa Road,34069,35000.0,40000.0
77,Oruamo Domain,Aorangi Place,34178,35000.0,39000.0
78,Oruamo Domain,St Mary Catholic Church,34333,35000.0,40500.0
79,Oruamo Domain,Fanshawe Street,34501,35000.0,42000.0
80,Oruamo Domain,McDowell Crescent,34587,35000.0,36500.0
81,Oruamo Domain,Fanshawe Street,35209,40000.0,47000.0
82,Oruamo Domain,Onewa Road,35901,40000.0,45000.0
83,Oruamo Domain,Onewa Road,35999,40000.0,45000.0
84,Oruamo Domain,Pupuke Road,36053,40000.0,42500.0
85,Oruamo Domain,Coronation Road,36506,40000.0,41000.0
86,Oruamo Domain,Waratah Street,36534,40000.0,43000.0
87,Oruamo Domain,St Mary Catholic Church,37016,40000.0,45500.0
88,Oruamo Domain,Waratah Street,37481,40000.0,43000.0
89,Oruamo Domain,McDowell Crescent,37954,40000.0,41500.0
90,Oruamo Domain,St Mary Catholic Church,38180,40000.0,45500.0
91,Oruamo Domain,Onewa Road,38573,40000.0,45000.0
92,Oruamo Domain,Coroglen Avenue,39327,40000.0,42000.0
93,Oruamo Domain,Birkenhead Avenue,39828,40000.0,43500.0
94,Oruamo Domain,St Mary Catholic Church,40058,45000.0,50500.0
95,Oruamo Domain,Birkenhead Avenue,40140,45000.0,48500.0
96,Oruamo Domain,Fanshawe Street,40295,45000.0,52000.0
97,Oruamo Domain,Onewa Road,40312,45000.0,50000.0
98,Oruamo Domain,Roberts Road,41170,45000.0,45500.0
99,Oruamo Domain,Coroglen Avenue,41364,45000.0,47000.0
100,Oruamo Domain,Onewa Road,41940,45000.0,50000.0
101,Oruamo Domain,St Mary Catholic Church,41960,45000.0,50500.0
102,Oruamo Domain,Northcote Primary School,42587,45000.0,51000.0
103,Oruamo Domain,Coroglen Avenue,42688,45000.0,47000.0
104,Oruamo Domain,Aorangi Place,43067,45000.0,49000.0
105,Oruamo Domain,St Mary Catholic Church,43296,45000.0,50500.0
106,Oruamo Domain,Fanshawe Street,43433,45000.0,52000.0
107,Oruamo Domain,Pupuke Road,43873,45000.0,47500.0
108,Oruamo Domain,St Mary Catholic Church,43915,45000.0,50500.0
109,Oruamo Domain,Northcote Primary School,44388,45000.0,51000.0
110,Oruamo Domain,Aorangi Place,44598,45000.0,49000.0
111,Oruamo Domain,Fanshawe Street,45715,,
112,Oruamo Domain,Roberts Road,46869,,
113,Oruamo Domain,Waratah Street,47529,,
114,Oruamo Domain,McDowell Crescent,47671,,
115,Oruamo Domain,Coroglen Avenue,47974,,
116,Oruamo Domain,Roberts Road,49150,,
117,Oruamo Domain,St Mary Catholic Church,49175,,
118,Oruamo Domain,McDowell Crescent,49589,,
119,Oruamo Domain,St Mary Catholic Church,50662,,
120,Roberts Road,Aorangi Place,105,500.0,4000.0
121,Roberts Road,Park Avenue,265,500.0,4500.0
122,Roberts Road,McDowell Crescent,367,500.0,1500.0
123,Roberts Road,Bruce Street,1783,5500.0,11500.0
124,Roberts Road,Pupuke Road,1899,5500.0,7500.0
125,Roberts Road,McDowell Crescent,2172,5500.0,6500.0
126,Roberts Road,Waratah Street,2290,5500.0,8000.0
127,Roberts Road,Coroglen Avenue,2308,5500.0,7000.0
128,Roberts Road,McDowell Crescent,2578,5500.0,6500.0
129,Roberts Road,Onewa Road,2934,5500.0,10000.0
130,Roberts Road,Onewa Road,3159,5500.0,10000.0
131,Roberts Road,Fanshawe Street,3379,5500.0,12000.0
132,Roberts Road,Waratah Street,3899,5500.0,8000.0
133,Roberts Road,Onewa Road,3971,5500.0,10000.0
134,Roberts Road,Coronation Road,4131,5500.0,6000.0
135,Roberts Road,Birkenhead Avenue,4283,5500.0,8500.0
136,Roberts Road,Coroglen Avenue,4707,5500.0,7000.0
137,Roberts Road,Bruce Street,5156,5500.0,11500.0
138,Roberts Road,McDowell Crescent,5553,10500.0,11500.0
139,Roberts Road,Northcote Primary School,6221,10500.0,16000.0
140,Roberts Road,St Mary Catholic Church,6385,10500.0,15500.0
141,Roberts Road,Birkenhead Avenue,6868,10500.0,13500.0
142,Roberts Road,Park Avenue,7677,10500.0,14500.0
143,Roberts Road,Coronation Road,8918,10500.0,11000.0
144,Roberts Road,Fanshawe Street,9348,10500.0,17000.0
145,Roberts Road,St Mary Catholic Church,9451,10500.0,15500.0
146,Roberts Road,Aorangi Place,9482,10500.0,14000.0
147,Roberts Road,McDowell Crescent,9694,10500.0,11500.0
148,Roberts Road,Pupuke Road,9776,10500.0,12500.0
149,Roberts Road,Northcote Primary School,10201,10500.0,16000.0
150,Roberts Road,St Mary Catholic Church,10573,15500.0,20500.0
151,Roberts Road,Bruce Street,11956,15500.0,21500.0
152,Roberts Road,Coronation Road,12369,15500.0,16000.0
153,Roberts Road,Onewa Road,12429,15500.0,20000.0
154,Roberts Road,Northcote Primary School,13655,15500.0,21000.0
155,Roberts Road,Waratah Street,14119,15500.0,18000.0
156,Roberts Road,Coroglen Avenue,14287,15500.0,17000.0
157,Roberts Road,Birkenhead Avenue,14746,15500.0,18500.0
158,Roberts Road,Waratah Street,15143,15500.0,18000.0
159,Roberts Road,Fanshawe Street,15322,15500.0,22000.0
160,Roberts Road,Coroglen Avenue,16995,20500.0,22000.0
161,Roberts Road,Bruce Street,17004,20500.0,26500.0
162,Roberts Road,Fanshawe Street,17068,20500.0,27000.0
163,Roberts Road,Aorangi Place,17178,20500.0,24000.0
164,Roberts Road,Fanshawe Street,17336,20500.0,27000.0
165,Roberts Road,Birkenhead Avenue,17410,20500.0,23500.0
166,Roberts Road,Aorangi Place,17565,20500.0,24000.0
167,Roberts Road,Fanshawe Street,17767,20500.0,27000.0
168,Roberts Road,McDowell Crescent,18007,20500.0,21500.0
169,Roberts Road,Park Avenue,18282,20500.0,24500.0
170,Roberts Road,Aorangi Place,18530,20500.0,24000.0
171,Roberts Road,Fanshawe Street,19472,20500.0,27000.0
172,Roberts Road,Park Avenue,20595,25500.0,29500.0
173,Roberts Road,Birkenhead Avenue,21072,25500.0,28500.0
174,Roberts Road,Coroglen Avenue,21357,25500.0,27000.0
175,Roberts Road,Coroglen Avenue,21371,25500.0,27000.0
176,Roberts Road,Pupuke Road,21418,25500.0,27500.0
177,Roberts Road,Pupuke Road,21546,25500.0,27500.0
178,Roberts Road,St Mary Catholic Church,21702,25500.0,30500.0
179,Roberts Road,Fanshawe Street,22001,25500.0,32000.0
180,Roberts Road,St Mary Catholic Church,22321,25500.0,30500.0
181,Roberts Road,Northcote Primary School,22691,25500.0,31000.0
182,Roberts Road,Waratah Street,23031,25500.0,28000.0
183,Roberts Road,McDowell Crescent,23229,25500.0,26500.0
184,Roberts Road,Onewa Road,23457,25500.0,30000.0
185,Roberts Road,Birkenhead Avenue,24328,25500.0,28500.0
186,Roberts Road,St Mary Catholic Church,24436,25500.0,30500.0
187,Roberts Road,Coronation Road,24447,25500.0,26000.0
188,Roberts Road,Coroglen Avenue,25210,25500.0,27000.0
189,Roberts Road,McDowell Crescent,25288,25500.0,26500.0
190,Roberts Road,St Mary Catholic Church,25391,25500.0,30500.0
191,Roberts Road,Birkenhead Avenue,25954,30500.0,33500.0
192,Roberts Road,Fanshawe Street,26034,30500.0,37000.0
193,Roberts Road,Aorangi Place,26732,30500.0,34000.0
194,Roberts Road,Pupuke Road,26757,30500.0,32500.0
195,Roberts Road,Coronation Road,27478,30500.0,31000.0
196,Roberts Road,McDowell Crescent,27860,30500.0,31500.0
197,Roberts Road,Onewa Road,27898,30500.0,35000.0
198,Roberts Road,Coronation Road,28324,30500.0,31000.0
199,Roberts Road,Coroglen Avenue,29414,30500.0,32000.0
200,Roberts Road,Waratah Street,29928,30500.0,33000.0
201,Roberts Road,Bruce Street,29950,30500.0,36500.0
202,Roberts Road,Fanshawe Street,30018,30500.0,37000.0
203,Roberts Road,Coroglen Avenue,30133,30500.0,32000.0
204,Roberts Road,St Mary Catholic Church,30339,30500.0,35500.0
205,Roberts Road,St Mary Catholic Church,30477,30500.0,35500.0
206,Roberts Road,Birkenhead Avenue,30501,35500.0,38500.0
207,Roberts Road,St Mary Catholic Church,30642,35500.0,40500.0
208,Roberts Road,Birkenhead Avenue,30742,35500.0,38500.0
209,Roberts Road,Onewa Road,30864,35500.0,40000.0
210,Roberts Road,Aorangi Place,31357,35500.0,39000.0
211,Roberts Road,Birkenhead Avenue,31465,35500.0,38500.0
212,Roberts Road,Park Avenue,33295,35500.0,39500.0
213,Roberts Road,Birkenhead Avenue,33859,35500.0,38500.0
214,Roberts Road,Fanshawe Street,33873,35500.0,42000.0
215,Roberts Road,St Mary Catholic Church,33902,35500.0,40500.0
216,Roberts Road,Onewa Road,34624,35500.0,40000.0
217,Roberts Road,Coronation Road,34746,35500.0,36000.0
218,Roberts Road,Birkenhead Avenue,35812,40500.0,43500.0
219,Roberts Road,Aorangi Place,36156,40500.0,44000.0
220,Roberts Road,Park Avenue,36160,40500.0,44500.0
221,Roberts Road,Bruce Street,36349,40500.0,46500.0
222,Roberts Road,Onewa Road,37558,40500.0,45000.0
223,Roberts Road,Coroglen Avenue,37707,40500.0,42000.0
224,Roberts Road,Aorangi Place,37885,40500.0,44000.0
225,Roberts Road,Coronation Road,38280,40500.0,41000.0
226,Roberts Road,St Mary Catholic Church,39062,40500.0,45500.0
227,Roberts Road,Aorangi Place,39227,40500.0,44000.0
228,Roberts Road,Coronation Road,39725,40500.0,41000.0
229,Roberts Road,Birkenhead Avenue,40451,40500.0,43500.0
230,Roberts Road,Bruce Street,40771,45500.0,51500.0
231,Roberts Road,Coroglen Avenue,41343,45500.0,47000.0
232,Roberts Road,Pupuke Road,41453,45500.0,47500.0
233,Roberts Road,McDowell Crescent,42504,45500.0,46500.0
234,Roberts Road,Waratah Street,43018,45500.0,48000.0
235,Roberts Road,Aorangi Place,43796,45500.0,49000.0
236,Roberts Road,Birkenhead Avenue,44550,45500.0,48500.0
237,Roberts Road,Coronation Road,45072,45500.0,46000.0
238,Roberts Road,Northcote Primary School,45175,45500.0,51000.0
239,Roberts Road,Bruce Street,46383,,
240,Coronation Road,Aorangi Place,543,1000.0,4000.0
241,Coronation Road,Fanshawe Street,1003,6000.0,12000.0
242,Coronation Road,Coroglen Avenue,1062,6000.0,7000.0
243,Coronation Road,McDowell Crescent,1133,6000.0,6500.0
244,Coronation Road,McDowell Crescent,1268,6000.0,6500.0
245,Coronation Road,Park Avenue,1548,6000.0,9500.0
246,Coronation Road,Pupuke Road,3572,6000.0,7500.0
247,Coronation Road,St Mary Catholic Church,4146,6000.0,10500.0
248,Coronation Road,Waratah Street,5080,6000.0,8000.0
249,Coronation Road,Aorangi Place,6070,11000.0,14000.0
250,Coronation Road,McDowell Crescent,6549,11000.0,11500.0
251,Coronation Road,St Mary Catholic Church,7075,11000.0,15500.0
252,Coronation Road,Birkenhead Avenue,7843,11000.0,13500.0
253,Coronation Road,Birkenhead Avenue,8211,11000.0,13500.0
254,Coronation Road,Pupuke Road,8992,11000.0,12500.0
255,Coronation Road,Waratah Street,9190,11000.0,13000.0
256,Coronation Road,Park Avenue,9206,11000.0,14500.0
257,Coronation Road,Pupuke Road,9968,11000.0,12500.0
258,Coronation Road,McDowell Crescent,10379,11000.0,11500.0
259,Coronation Road,Bruce Street,10809,11000.0,16500.0
260,Coronation Road,Park Avenue,10972,11000.0,14500.0
261,Coronation Road,Onewa Road,11341,16000.0,20000.0
262,Coronation Road,Birkenhead Avenue,11438,16000.0,18500.0
263,Coronation Road,Park Avenue,11911,16000.0,19500.0
264,Coronation Road,McDowell Crescent,12476,16000.0,16500.0
265,Coronation Road,Waratah Street,12485,16000.0,18000.0
266,Coronation Road,Pupuke Road,13802,16000.0,17500.0
267,Coronation Road,Northcote Primary School,14284,16000.0,21000.0
268,Coronation Road,Waratah Street,14479,16000.0,18000.0
269,Coronation Road,Coroglen Avenue,14622,16000.0,17000.0
270,Coronation Road,Pupuke Road,15339,16000.0,17500.0
271,Coronation Road,Bruce Street,15856,16000.0,21500.0
272,Coronation Road,Coroglen Avenue,16761,21000.0,22000.0
273,Coronation Road,McDowell Crescent,17612,21000.0,21500.0
274,Coronation Road,Waratah Street,17669,21000.0,23000.0
275,Coronation Road,Aorangi Place,17862,21000.0,24000.0
276,Coronation Road,Bruce Street,17942,21000.0,26500.0
277,Coronation Road,McDowell Crescent,18213,21000.0,21500.0
278,Coronation Road,Aorangi Place,18486,21000.0,24000.0
279,Coronation Road,Pupuke Road,18611,21000.0,22500.0
280,Coronation Road,Park Avenue,19279,21000.0,24500.0
281,Coronation Road,Coroglen Avenue,19449,21000.0,22000.0
282,Coronation Road,Coroglen Avenue,20527,21000.0,22000.0
283,Coronation Road,Waratah Street,20914,21000.0,23000.0
284,Coronation Road,Coroglen Avenue,20949,21000.0,22000.0
285,Coronation Road,Fanshawe Street,20975,21000.0,27000.0
286,Coronation Road,Coroglen Avenue,21153,26000.0,27000.0
287,Coronation Road,Bruce Street,21174,26000.0,31500.0
288,Coronation Road,Birkenhead Avenue,21667,26000.0,28500.0
289,Coronation Road,Bruce Street,21910,26000.0,31500.0
290,Coronation Road,Park Avenue,22166,26000.0,29500.0
291,Coronation Road,Onewa Road,22179,26000.0,30000.0
292,Coronation Road,Aorangi Place,22297,26000.0,29000.0
293,Coronation Road,Aorangi Place,22561,26000.0,29000.0
294,Coronation Road,Fanshawe Street,22671,26000.0,32000.0
295,Coronation Road,Waratah Street,22721,26000.0,28000.0
296,Coronation Road,Aorangi Place,24583,26000.0,29000.0
297,Coronation Road,Onewa Road,25261,26000.0,30000.0
298,Coronation Road,Fanshawe Street,25687,26000.0,32000.0
299,Coronation Road,Park Avenue,25837,26000.0,29500.0
300,Coronation Road,St Mary Catholic Church,26107,31000.0,35500.0
301,Coronation Road,Park Avenue,26369,31000.0,34500.0
302,Coronation Road,Fanshawe Street,26769,31000.0,37000.0
303,Coronation Road,McDowell Crescent,27813,31000.0,31500.0
304,Coronation Road,Northcote Primary School,28490,31000.0,36000.0
305,Coronation Road,St Mary Catholic Church,28512,31000.0,35500.0
306,Coronation Road,St Mary Catholic Church,29729,31000.0,35500.0
307,Coronation Road,Fanshawe Street,30235,31000.0,37000.0
308,Coronation Road,St Mary Catholic Church,30783,31000.0,35500.0
309,Coronation Road,Fanshawe Street,30807,31000.0,37000.0
310,Coronation Road,Birkenhead Avenue,30976,31000.0,33500.0
311,Coronation Road,Bruce Street,31144,36000.0,41500.0
312,Coronation Road,Park Avenue,31237,36000.0,39500.0
313,Coronation Road,Northcote Primary School,31957,36000.0,41000.0
314,Coronation Road,St Mary Catholic Church,32223,36000.0,40500.0
315,Coronation Road,Northcote Primary School,32791,36000.0,41000.0
316,Coronation Road,Bruce Street,33096,36000.0,41500.0
317,Coronation Road,Birkenhead Avenue,33791,36000.0,38500.0
318,Coronation Road,Aorangi Place,34645,36000.0,39000.0
319,Coronation Road,McDowell Crescent,34832,36000.0,36500.0
320,Coronation Road,Onewa Road,34841,36000.0,40000.0
321,Coronation Road,St Mary Catholic Church,34920,36000.0,40500.0
322,Coronation Road,Coroglen Avenue,34931,36000.0,37000.0
323,Coronation Road,Coroglen Avenue,34995,36000.0,37000.0
324,Coronation Road,Waratah Street,35706,36000.0,38000.0
325,Coronation Road,Fanshawe Street,35944,36000.0,42000.0
326,Coronation Road,Birkenhead Avenue,36417,41000.0,43500.0
327,Coronation Road,Coroglen Avenue,36627,41000.0,42000.0
328,Coronation Road,Pupuke Road,36730,41000.0,42500.0
329,Coronation Road,Northcote Primary School,37215,41000.0,46000.0
330,Coronation Road,Park Avenue,37307,41000.0,44500.0
331,Coronation Road,Park Avenue,37484,41000.0,44500.0
332,Coronation Road,Park Avenue,38341,41000.0,44500.0
333,Coronation Road,Park Avenue,38657,41000.0,44500.0
334,Coronation Road,St Mary Catholic Church,38921,41000.0,45500.0
335,Coronation Road,Onewa Road,38951,41000.0,45000.0
336,Coronation Road,Waratah Street,39074,41000.0,43000.0
337,Coronation Road,Bruce Street,39224,41000.0,46500.0
338,Coronation Road,St Mary Catholic Church,40422,41000.0,45500.0
339,Coronation Road,McDowell Crescent,40473,41000.0,41500.0
340,Coronation Road,Aorangi Place,40848,41000.0,44000.0
341,Coronation Road,Waratah Street,40857,41000.0,43000.0
342,Coronation Road,Aorangi Place,40871,41000.0,44000.0
343,Coronation Road,Fanshawe Street,41205,46000.0,52000.0
344,Coronation Road,Coroglen Avenue,41479,46000.0,47000.0
345,Coronation Road,St Mary Catholic Church,42521,46000.0,50500.0
346,Coronation Road,Coroglen Avenue,42584,46000.0,47000.0
347,Coronation Road,Fanshawe Street,42630,46000.0,52000.0
348,Coronation Road,Coroglen Avenue,42910,46000.0,47000.0
349,Coronation Road,Waratah Street,43614,46000.0,48000.0
350,Coronation Road,Aorangi Place,43934,46000.0,49000.0
351,Coronation Road,McDowell Crescent,44328,46000.0,46500.0
352,Coronation Road,Pupuke Road,44717,46000.0,47500.0
353,Coronation Road,Birkenhead Avenue,45012,46000.0,48500.0
354,Coronation Road,Fanshawe Street,45233,46000.0,52000.0
355,Coronation Road,Onewa Road,45267,46000.0,50000.0
356,Coronation Road,Pupuke Road,46318,,
357,Coronation Road,Fanshawe Street,47184,,
358,Coronation Road,Northcote Primary School,47374,,
359,Coronation Road,Onewa Road,47794,,
360,McDowell Crescent,Coroglen Avenue,56,1500.0,2000.0
361,McDowell Crescent,Pupuke Road,373,1500.0,2500.0
362,McDowell Crescent,Birkenhead Avenue,827,1500.0,3500.0
363,McDowell Crescent,Onewa Road,1206,1500.0,5000.0
364,McDowell Crescent,St Mary Catholic Church,1331,1500.0,5500.0
365,McDowell Crescent,Northcote Primary School,1516,6500.0,11000.0
366,McDowell Crescent,Pupuke Road,3081,6500.0,7500.0
367,McDowell Crescent,Park Avenue,3314,6500.0,9500.0
368,McDowell Crescent,Northcote Primary School,3462,6500.0,11000.0
369,McDowell Crescent,Aorangi Place,4012,6500.0,9000.0
370,McDowell Crescent,Fanshawe Street,5060,6500.0,12000.0
371,McDowell Crescent,Waratah Street,5526,6500.0,8000.0
372,McDowell Crescent,Coroglen Avenue,5740,6500.0,7000.0
373,McDowell Crescent,Pupuke Road,6756,11500.0,12500.0
374,McDowell Crescent,Fanshawe Street,6789,11500.0,17000.0
375,McDowell Crescent,Waratah Street,6804,11500.0,13000.0
376,McDowell Crescent,Waratah Street,6909,11500.0,13000.0
377,McDowell Crescent,Bruce Street,7094,11500.0,16500.0
378,McDowell Crescent,Fanshawe Street,7770,11500.0,17000.0
379,McDowell Crescent,Northcote Primary School,8243,11500.0,16000.0
380,McDowell Crescent,Northcote Primary School,8535,11500.0,16000.0
381,McDowell Crescent,Aorangi Place,8542,11500.0,14000.0
382,McDowell Crescent,Waratah Street,8581,11500.0,13000.0
383,McDowell Crescent,Park Avenue,8927,11500.0,14500.0
384,McDowell Crescent,Aorangi Place,8989,11500.0,14000.0
385,McDowell Crescent,Northcote Primary School,9875,11500.0,16000.0
386,McDowell Crescent,Bruce Street,10623,11500.0,16500.0
387,McDowell Crescent,Waratah Street,11035,11500.0,13000.0
388,McDowell Crescent,St Mary Catholic Church,11979,16500.0,20500.0
389,McDowell Crescent,Park Avenue,12022,16500.0,19500.0
390,McDowell Crescent,St Mary Catholic Church,12293,16500.0,20500.0
391,McDowell Crescent,St Mary Catholic Church,12297,16500.0,20500.0
392,McDowell Crescent,Pupuke Road,12652,16500.0,17500.0
393,McDowell Crescent,Coroglen Avenue,12779,16500.0,17000.0
394,McDowell Crescent,Coroglen Avenue,12821,16500.0,17000.0
395,McDowell Crescent,Bruce Street,12949,16500.0,21500.0
396,McDowell Crescent,Birkenhead Avenue,12976,16500.0,18500.0
397,McDowell Crescent,Coroglen Avenue,13314,16500.0,17000.0
398,McDowell Crescent,Onewa Road,13944,16500.0,20000.0
399,McDowell Crescent,Fanshawe Street,14282,16500.0,22000.0
400,McDowell Crescent,Birkenhead Avenue,14475,16500.0,18500.0
401,McDowell Crescent,St Mary Catholic Church,14871,16500.0,20500.0
402,McDowell Crescent,Onewa Road,16347,16500.0,20000.0
403,McDowell Crescent,Birkenhead Avenue,17647,21500.0,23500.0
404,McDowell Crescent,Park Avenue,17651,21500.0,24500.0
405,McDowell Crescent,Onewa Road,17750,21500.0,25000.0
406,McDowell Crescent,Park Avenue,19873,21500.0,24500.0
407,McDowell Crescent,Birkenhead Avenue,20487,21500.0,23500.0
408,McDowell Crescent,Park Avenue,20636,21500.0,24500.0
409,McDowell Crescent,Onewa Road,20711,21500.0,25000.0
410,McDowell Crescent,Fanshawe Street,22787,26500.0,32000.0
411,McDowell Crescent,Bruce Street,24518,26500.0,31500.0
412,McDowell Crescent,Onewa Road,24979,26500.0,30000.0
413,McDowell Crescent,Birkenhead Avenue,25148,26500.0,28500.0
414,McDowell Crescent,Pupuke Road,25640,26500.0,27500.0
415,McDowell Crescent,Pupuke Road,25861,26500.0,27500.0
416,McDowell Crescent,St Mary Catholic Church,25976,26500.0,30500.0
417,McDowell Crescent,Fanshawe Street,26542,31500.0,37000.0
418,McDowell Crescent,Bruce Street,26939,31500.0,36500.0
419,McDowell Crescent,Fanshawe Street,27011,31500.0,37000.0
420,McDowell Crescent,Birkenhead Avenue,27153,31500.0,33500.0
421,McDowell Crescent,Pupuke Road,27509,31500.0,32500.0
422,McDowell Crescent,Onewa Road,27948,31500.0,35000.0
423,McDowell Crescent,Coroglen Avenue,27984,31500.0,32000.0
424,McDowell Crescent,Onewa Road,28337,31500.0,35000.0
425,McDowell Crescent,Northcote Primary School,28599,31500.0,36000.0
426,McDowell Crescent,Waratah Street,28745,31500.0,33000.0
427,McDowell Crescent,Pupuke Road,29592,31500.0,32500.0
428,McDowell Crescent,Birkenhead Avenue,29710,31500.0,33500.0
429,McDowell Crescent,Aorangi Place,29802,31500.0,34000.0
430,McDowell Crescent,Coroglen Avenue,30098,31500.0,32000.0
431,McDowell Crescent,Pupuke Road,30244,31500.0,32500.0
432,McDowell Crescent,Aorangi Place,30695,31500.0,34000.0
433,McDowell Crescent,Aorangi Place,30857,31500.0,34000.0
434,McDowell Crescent,Aorangi Place,30883,31500.0,34000.0
435,McDowell Crescent,Birkenhead Avenue,31266,31500.0,33500.0
436,McDowell Crescent,St Mary Catholic Church,31269,31500.0,35500.0
437,McDowell Crescent,Pupuke Road,31880,36500.0,37500.0
438,McDowell Crescent,Onewa Road,31936,36500.0,40000.0
439,McDowell Crescent,St Mary Catholic Church,32348,36500.0,40500.0
440,McDowell Crescent,Pupuke Road,32598,36500.0,37500.0
441,McDowell Crescent,Aorangi Place,33178,36500.0,39000.0
442,McDowell Crescent,Waratah Street,33756,36500.0,38000.0
443,McDowell Crescent,Park Avenue,34425,36500.0,39500.0
444,McDowell Crescent,Bruce Street,34528,36500.0,41500.0
445,McDowell Crescent,Waratah Street,35668,36500.0,38000.0
446,McDowell Crescent,Coroglen Avenue,36257,36500.0,37000.0
447,McDowell Crescent,St Mary Catholic Church,36555,41500.0,45500.0
448,McDowell Crescent,Park Avenue,36635,41500.0,44500.0
449,McDowell Crescent,Park Avenue,37010,41500.0,44500.0
450,McDowell Crescent,Fanshawe Street,37085,41500.0,47000.0
451,McDowell Crescent,St Mary Catholic Church,37328,41500.0,45500.0
452,McDowell Crescent,Coroglen Avenue,37364,41500.0,42000.0
453,McDowell Crescent,Onewa Road,37448,41500.0,45000.0
454,McDowell Crescent,Aorangi Place,37799,41500.0,44000.0
455,McDowell Crescent,Bruce Street,37875,41500.0,46500.0
456,McDowell Crescent,Fanshawe Street,38458,41500.0,47000.0
457,McDowell Crescent,Waratah Street,38617,41500.0,43000.0
458,McDowell Crescent,Fanshawe Street,38964,41500.0,47000.0
459,McDowell Crescent,Onewa Road,38994,41500.0,45000.0
460,McDowell Crescent,Waratah Street,39297,41500.0,43000.0
461,McDowell Crescent,Coroglen Avenue,39908,41500.0,42000.0
462,McDowell Crescent,Northcote Primary School,40305,41500.0,46000.0
463,McDowell Crescent,Fanshawe Street,40392,41500.0,47000.0
464,McDowell Crescent,St Mary Catholic Church,40554,41500.0,45500.0
465,McDowell Crescent,Waratah Street,41292,41500.0,43000.0
466,McDowell Crescent,Fanshawe Street,41491,41500.0,47000.0
467,McDowell Crescent,Park Avenue,41802,46500.0,49500.0
468,McDowell Crescent,Birkenhead Avenue,41891,46500.0,48500.0
469,McDowell Crescent,Waratah Street,42169,46500.0,48000.0
470,McDowell Crescent,Bruce Street,42200,46500.0,51500.0
471,McDowell Crescent,Birkenhead Avenue,43070,46500.0,48500.0
472,McDowell Crescent,Park Avenue,43531,46500.0,49500.0
473,McDowell Crescent,Northcote Primary School,44340,46500.0,51000.0
474,McDowell Crescent,Birkenhead Avenue,44561,46500.0,48500.0
475,McDowell Crescent,Fanshawe Street,44744,46500.0,52000.0
476,McDowell Crescent,Bruce Street,46564,,
477,McDowell Crescent,Birkenhead Avenue,46995,,
478,McDowell Crescent,Coroglen Avenue,47168,,
479,McDowell Crescent,Park Avenue,47812,,
480,Coroglen Avenue,Northcote Primary School,537,2000.0,6000.0
481,Coroglen Avenue,St Mary Catholic Church,622,2000.0,5500.0
482,Coroglen Avenue,Fanshawe Street,1431,2000.0,7000.0
483,Coroglen Avenue,Onewa Road,1921,2000.0,5000.0
484,Coroglen Avenue,Aorangi Place,2386,7000.0,9000.0
485,Coroglen Avenue,Park Avenue,2586,7000.0,9500.0
486,Coroglen Avenue,St Mary Catholic Church,2981,7000.0,10500.0
487,Coroglen Avenue,Birkenhead Avenue,3009,7000.0,8500.0
488,Coroglen Avenue,Waratah Street,3031,7000.0,8000.0
489,Coroglen Avenue,St Mary Catholic Church,3087,7000.0,10500.0
490,Coroglen Avenue,Aorangi Place,3744,7000.0,9000.0
491,Coroglen Avenue,Fanshawe Street,4477,7000.0,12000.0
492,Coroglen Avenue,Pupuke Road,5048,7000.0,7500.0
493,Coroglen Avenue,Waratah Street,5289,7000.0,8000.0
494,Coroglen Avenue,Fanshawe Street,5432,7000.0,12000.0
495,Coroglen Avenue,Fanshawe Street,6431,7000.0,12000.0
496,Coroglen Avenue,Bruce Street,6805,7000.0,11500.0
497,Coroglen Avenue,Park Avenue,8150,12000.0,14500.0
498,Coroglen Avenue,Northcote Primary School,8189,12000.0,16000.0
499,Coroglen Avenue,Pupuke Road,8253,12000.0,12500.0
500,Coroglen Avenue,Fanshawe Street,8443,12000.0,17000.0
501,Coroglen Avenue,Aorangi Place,8513,12000.0,14000.0
502,Coroglen Avenue,Onewa Road,9207,12000.0,15000.0
503,Coroglen Avenue,Fanshawe Street,9419,12000.0,17000.0
504,Coroglen Avenue,Fanshawe Street,9677,12000.0,17000.0
505,Coroglen Avenue,Aorangi Place,10271,12000.0,14000.0
506,Coroglen Avenue,Northcote Primary School,10595,12000.0,16000.0
507,Coroglen Avenue,St Mary Catholic Church,11055,12000.0,15500.0
508,Coroglen Avenue,St Mary Catholic Church,11317,12000.0,15500.0
509,Coroglen Avenue,Fanshawe Street,12134,17000.0,22000.0
510,Coroglen Avenue,Aorangi Place,12347,17000.0,19000.0
511,Coroglen Avenue,Birkenhead Avenue,12890,17000.0,18500.0
512,Coroglen Avenue,St Mary Catholic Church,13038,17000.0,20500.0
513,Coroglen Avenue,Waratah Street,13901,17000.0,18000.0
514,Coroglen Avenue,Pupuke Road,14068,17000.0,17500.0
515,Coroglen Avenue,Onewa Road,14101,17000.0,20000.0
516,Coroglen Avenue,Bruce Street,15105,17000.0,21500.0
517,Coroglen Avenue,Northcote Primary School,15274,17000.0,21000.0
518,Coroglen Avenue,Northcote Primary School,15436,17000.0,21000.0
519,Coroglen Avenue,Park Avenue,15963,17000.0,19500.0
520,Coroglen Avenue,Birkenhead Avenue,16365,17000.0,18500.0
521,Coroglen Avenue,Fanshawe Street,16754,17000.0,22000.0
522,Coroglen Avenue,St Mary Catholic Church,17198,22000.0,25500.0
523,Coroglen Avenue,Park Avenue,17232,22000.0,24500.0
524,Coroglen Avenue,Onewa Road,17356,22000.0,25000.0
525,Coroglen Avenue,Fanshawe Street,17659,22000.0,27000.0
526,Coroglen Avenue,Onewa Road,17734,22000.0,25000.0
527,Coroglen Avenue,Fanshawe Street,18831,22000.0,27000.0
528,Coroglen Avenue,Bruce Street,19209,22000.0,26500.0
529,Coroglen Avenue,Birkenhead Avenue,20770,22000.0,23500.0
530,Coroglen Avenue,Waratah Street,21073,22000.0,23000.0
531,Coroglen Avenue,Aorangi Place,21247,22000.0,24000.0
532,Coroglen Avenue,Onewa Road,21255,22000.0,25000.0
533,Coroglen Avenue,Pupuke Road,21595,22000.0,22500.0
534,Coroglen Avenue,Fanshawe Street,21626,22000.0,27000.0
535,Coroglen Avenue,St Mary Catholic Church,22747,27000.0,30500.0
536,Coroglen Avenue,Park Avenue,22812,27000.0,29500.0
537,Coroglen Avenue,Birkenhead Avenue,22860,27000.0,28500.0
538,Coroglen Avenue,Fanshawe Street,23833,27000.0,32000.0
539,Coroglen Avenue,Northcote Primary School,24392,27000.0,31000.0
540,Coroglen Avenue,St Mary Catholic Church,24689,27000.0,30500.0
541,Coroglen Avenue,Waratah Street,24988,27000.0,28000.0
542,Coroglen Avenue,Waratah Street,25167,27000.0,28000.0
543,Coroglen Avenue,St Mary Catholic Church,25620,27000.0,30500.0
544,Coroglen Avenue,St Mary Catholic Church,25825,27000.0,30500.0
545,Coroglen Avenue,St Mary Catholic Church,26164,27000.0,30500.0
546,Coroglen Avenue,Pupuke Road,26183,27000.0,27500.0
547,Coroglen Avenue,Aorangi Place,26643,27000.0,29000.0
548,Coroglen Avenue,Onewa Road,26818,27000.0,30000.0
549,Coroglen Avenue,Fanshawe Street,27003,32000.0,37000.0
550,Coroglen Avenue,Northcote Primary School,27270,32000.0,36000.0
551,Coroglen Avenue,St Mary Catholic Church,27707,32000.0,35500.0
552,Coroglen Avenue,Waratah Street,27769,32000.0,33000.0
553,Coroglen Avenue,Pupuke Road,28482,32000.0,32500.0
554,Coroglen Avenue,Birkenhead Avenue,28588,32000.0,33500.0
555,Coroglen Avenue,Waratah Street,29074,32000.0,33000.0
556,Coroglen Avenue,Bruce Street,29132,32000.0,36500.0
557,Coroglen Avenue,Waratah Street,29178,32000.0,33000.0
558,Coroglen Avenue,Northcote Primary School,30416,32000.0,36000.0
559,Coroglen Avenue,Waratah Street,31036,32000.0,33000.0
560,Coroglen Avenue,Park Avenue,31047,32000.0,34500.0
561,Coroglen Avenue,St Mary Catholic Church,31421,32000.0,35500.0
562,Coroglen Avenue,Waratah Street,31615,32000.0,33000.0
563,Coroglen Avenue,Aorangi Place,31926,32000.0,34000.0
564,Coroglen Avenue,Waratah Street,32615,37000.0,38000.0
565,Coroglen Avenue,Birkenhead Avenue,33126,37000.0,38500.0
566,Coroglen Avenue,Birkenhead Avenue,34201,37000.0,38500.0
567,Coroglen Avenue,Northcote Primary School,35019,37000.0,41000.0
568,Coroglen Avenue,Onewa Road,35029,37000.0,40000.0
569,Coroglen Avenue,Pupuke Road,35658,37000.0,37500.0
570,Coroglen Avenue,Waratah Street,35703,37000.0,38000.0
571,Coroglen Avenue,Waratah Street,36906,37000.0,38000.0
572,Coroglen Avenue,Waratah Street,36907,37000.0,38000.0
573,Coroglen Avenue,Pupuke Road,37284,42000.0,42500.0
574,Coroglen Avenue,Bruce Street,37382,42000.0,46500.0
575,Coroglen Avenue,Aorangi Place,37635,42000.0,44000.0
576,Coroglen Avenue,Waratah Street,38541,42000.0,43000.0
577,Coroglen Avenue,Park Avenue,38799,42000.0,44500.0
578,Coroglen Avenue,Onewa Road,39182,42000.0,45000.0
579,Coroglen Avenue,Pupuke Road,39612,42000.0,42500.0
580,Coroglen Avenue,Onewa Road,39647,42000.0,45000.0
581,Coroglen Avenue,St Mary Catholic Church,39857,42000.0,45500.0
582,Coroglen Avenue,Birkenhead Avenue,39925,42000.0,43500.0
583,Coroglen Avenue,Fanshawe Street,39956,42000.0,47000.0
584,Coroglen Avenue,Fanshawe Street,40288,42000.0,47000.0
585,Coroglen Avenue,Onewa Road,40372,42000.0,45000.0
586,Coroglen Avenue,Birkenhead Avenue,41066,42000.0,43500.0
587,Coroglen Avenue,Bruce Street,41252,42000.0,46500.0
588,Coroglen Avenue,Northcote Primary School,41276,42000.0,46000.0
589,Coroglen Avenue,Fanshawe Street,41654,42000.0,47000.0
590,Coroglen Avenue,St Mary Catholic Church,42113,47000.0,50500.0
591,Coroglen Avenue,Bruce Street,42236,47000.0,51500.0
592,Coroglen Avenue,Bruce Street,42946,47000.0,51500.0
593,Coroglen Avenue,Bruce Street,43067,47000.0,51500.0
594,Coroglen Avenue,Park Avenue,43141,47000.0,49500.0
595,Coroglen Avenue,Park Avenue,43503,47000.0,49500.0
596,Coroglen Avenue,Onewa Road,43676,47000.0,50000.0
597,Coroglen Avenue,Northcote Primary School,45016,47000.0,51000.0
598,Coroglen Avenue,Bruce Street,45107,47000.0,51500.0
599,Coroglen Avenue,Pupuke Road,45426,47000.0,47500.0
600,Pupuke Road,St Mary Catholic Church,118,2500.0,5500.0
601,Pupuke Road,Northcote Primary School,458,2500.0,6000.0
602,Pupuke Road,Northcote Primary School,611,2500.0,6000.0
603,Pupuke Road,Waratah Street,1048,2500.0,3000.0
604,Pupuke Road,St Mary Catholic Church,1521,2500.0,5500.0
605,Pupuke Road,St Mary Catholic Church,1524,2500.0,5500.0
606,Pupuke Road,Onewa Road,1917,2500.0,5000.0
607,Pupuke Road,Bruce Street,2303,2500.0,6500.0
608,Pupuke Road,Northcote Primary School,2917,7500.0,11000.0
609,Pupuke Road,Park Avenue,2967,7500.0,9500.0
610,Pupuke Road,Onewa Road,3746,7500.0,10000.0
611,Pupuke Road,Fanshawe Street,4881,7500.0,12000.0
612,Pupuke Road,St Mary Catholic Church,5161,7500.0,10500.0
613,Pupuke Road,Bruce Street,5401,7500.0,11500.0
614,Pupuke Road,Waratah Street,6017,7500.0,8000.0
615,Pupuke Road,Waratah Street,7246,7500.0,8000.0
616,Pupuke Road,Park Avenue,7416,7500.0,9500.0
617,Pupuke Road,Park Avenue,7803,12500.0,14500.0
618,Pupuke Road,Birkenhead Avenue,7978,12500.0,13500.0
619,Pupuke Road,Aorangi Place,8396,12500.0,14000.0
620,Pupuke Road,Birkenhead Avenue,8714,12500.0,13500.0
621,Pupuke Road,Birkenhead Avenue,9233,12500.0,13500.0
622,Pupuke Road,Aorangi Place,9836,12500.0,14000.0
623,Pupuke Road,Fanshawe Street,10256,12500.0,17000.0
624,Pupuke Road,St Mary Catholic Church,10550,12500.0,15500.0
625,Pupuke Road,Onewa Road,10699,12500.0,15000.0
626,Pupuke Road,Fanshawe Street,10707,12500.0,17000.0
627,Pupuke Road,Northcote Primary School,10964,12500.0,16000.0
628,Pupuke Road,Bruce Street,11141,12500.0,16500.0
629,Pupuke Road,Fanshawe Street,11517,12500.0,17000.0
630,Pupuke Road,Onewa Road,12554,17500.0,20000.0
631,Pupuke Road,Aorangi Place,13288,17500.0,19000.0
632,Pupuke Road,Park Avenue,13807,17500.0,19500.0
633,Pupuke Road,Northcote Primary School,15116,17500.0,21000.0
634,Pupuke Road,Park Avenue,15191,17500.0,19500.0
635,Pupuke Road,Park Avenue,15610,17500.0,19500.0
636,Pupuke Road,Northcote Primary School,15701,17500.0,21000.0
637,Pupuke Road,Birkenhead Avenue,15991,17500.0,18500.0
638,Pupuke Road,St Mary Catholic Church,16151,17500.0,20500.0
639,Pupuke Road,St Mary Catholic Church,16305,17500.0,20500.0
640,Pupuke Road,Northcote Primary School,16802,17500.0,21000.0
641,Pupuke Road,Bruce Street,16951,17500.0,21500.0
642,Pupuke Road,Onewa Road,17469,17500.0,20000.0
643,Pupuke Road,St Mary Catholic Church,17993,22500.0,25500.0
644,Pupuke Road,Aorangi Place,18278,22500.0,24000.0
645,Pupuke Road,Fanshawe Street,18640,22500.0,27000.0
646,Pupuke Road,Fanshawe Street,18760,22500.0,27000.0
647,Pupuke Road,Park Avenue,19754,22500.0,24500.0
648,Pupuke Road,Park Avenue,20117,22500.0,24500.0
649,Pupuke Road,Bruce Street,20468,22500.0,26500.0
650,Pupuke Road,Aorangi Place,22341,22500.0,24000.0
651,Pupuke Road,Waratah Street,23265,27500.0,28000.0
652,Pupuke Road,Waratah Street,23684,27500.0,28000.0
653,Pupuke Road,Bruce Street,24161,27500.0,31500.0
654,Pupuke Road,St Mary Catholic Church,24248,27500.0,30500.0
655,Pupuke Road,Onewa Road,25054,27500.0,30000.0
656,Pupuke Road,Birkenhead Avenue,25612,27500.0,28500.0
657,Pupuke Road,Fanshawe Street,26896,27500.0,32000.0
658,Pupuke Road,Fanshawe Street,26922,27500.0,32000.0
659,Pupuke Road,Park Avenue,27003,27500.0,29500.0
660,Pupuke Road,Fanshawe Street,27081,27500.0,32000.0
661,Pupuke Road,Park Avenue,27864,32500.0,34500.0
662,Pupuke Road,Northcote Primary School,28238,32500.0,36000.0
663,Pupuke Road,St Mary Catholic Church,28999,32500.0,35500.0
664,Pupuke Road,Park Avenue,29573,32500.0,34500.0
665,Pupuke Road,Onewa Road,29685,32500.0,35000.0
666,Pupuke Road,Aorangi Place,30068,32500.0,34000.0
667,Pupuke Road,Birkenhead Avenue,30376,32500.0,33500.0
668,Pupuke Road,St Mary Catholic Church,30741,32500.0,35500.0
669,Pupuke Road,St Mary Catholic Church,31029,32500.0,35500.0
670,Pupuke Road,Onewa Road,31158,32500.0,35000.0
671,Pupuke Road,St Mary Catholic Church,31186,32500.0,35500.0
672,Pupuke Road,Waratah Street,32322,32500.0,33000.0
673,Pupuke Road,St Mary Catholic Church,32337,32500.0,35500.0
674,Pupuke Road,St Mary Catholic Church,32492,32500.0,35500.0
675,Pupuke Road,Waratah Street,32623,37500.0,38000.0
676,Pupuke Road,Waratah Street,32838,37500.0,38000.0
677,Pupuke Road,Aorangi Place,32933,37500.0,39000.0
678,Pupuke Road,Northcote Primary School,33101,37500.0,41000.0
679,Pupuke Road,Bruce Street,33337,37500.0,41500.0
680,Pupuke Road,Bruce Street,33913,37500.0,41500.0
681,Pupuke Road,Onewa Road,34041,37500.0,40000.0
682,Pupuke Road,Onewa Road,34242,37500.0,40000.0
683,Pupuke Road,Fanshawe Street,34355,37500.0,42000.0
684,Pupuke Road,Park Avenue,35187,37500.0,39500.0
685,Pupuke Road,Onewa Road,35311,37500.0,40000.0
686,Pupuke Road,Waratah Street,35397,37500.0,38000.0
687,Pupuke Road,Onewa Road,35453,37500.0,40000.0
688,Pupuke Road,Park Avenue,35546,37500.0,39500.0
689,Pupuke Road,Waratah Street,35563,37500.0,38000.0
690,Pupuke Road,Birkenhead Avenue,35796,37500.0,38500.0
691,Pupuke Road,Fanshawe Street,35850,37500.0,42000.0
692,Pupuke Road,Northcote Primary School,36470,37500.0,41000.0
693,Pupuke Road,Waratah Street,36530,37500.0,38000.0
694,Pupuke Road,Onewa Road,36625,37500.0,40000.0
695,Pupuke Road,Park Avenue,36983,37500.0,39500.0
696,Pupuke Road,Onewa Road,37331,37500.0,40000.0
697,Pupuke Road,Northcote Primary School,39014,42500.0,46000.0
698,Pupuke Road,Waratah Street,39037,42500.0,43000.0
699,Pupuke Road,Fanshawe Street,39844,42500.0,47000.0
700,Pupuke Road,Birkenhead Avenue,39967,42500.0,43500.0
701,Pupuke Road,Birkenhead Avenue,40082,42500.0,43500.0
702,Pupuke Road,Park Avenue,40594,42500.0,44500.0
703,Pupuke Road,Birkenhead Avenue,40630,42500.0,43500.0
704,Pupuke Road,Bruce Street,41092,42500.0,46500.0
705,Pupuke Road,St Mary Catholic Church,41143,42500.0,45500.0
706,Pupuke Road,Onewa Road,41281,42500.0,45000.0
707,Pupuke Road,Waratah Street,41654,42500.0,43000.0
708,Pupuke Road,Park Avenue,41969,42500.0,44500.0
709,Pupuke Road,Park Avenue,42293,42500.0,44500.0
710,Pupuke Road,Birkenhead Avenue,42621,47500.0,48500.0
711,Pupuke Road,Onewa Road,43168,47500.0,50000.0
712,Pupuke Road,St Mary Catholic Church,43220,47500.0,50500.0
713,Pupuke Road,Birkenhead Avenue,43823,47500.0,48500.0
714,Pupuke Road,Birkenhead Avenue,44074,47500.0,48500.0
715,Pupuke Road,Aorangi Place,44176,47500.0,49000.0
716,Pupuke Road,Birkenhead Avenue,44342,47500.0,48500.0
717,Pupuke Road,Bruce Street,44562,47500.0,51500.0
718,Pupuke Road,Bruce Street,45880,47500.0,51500.0
719,Pupuke Road,Aorangi Place,46051,47500.0,49000.0
720,Waratah Street,Fanshawe Street,202,3000.0,7000.0
721,Waratah Street,Birkenhead Avenue,1278,3000.0,3500.0
722,Waratah Street,Park Avenue,1350,3000.0,4500.0
723,Waratah Street,Fanshawe Street,2197,3000.0,7000.0
724,Waratah Street,Northcote Primary School,2735,3000.0,6000.0
725,Waratah Street,Onewa Road,2745,3000.0,5000.0
726,Waratah Street,Fanshawe Street,4140,8000.0,12000.0
727,Waratah Street,Park Avenue,4652,8000.0,9500.0
728,Waratah Street,Birkenhead Avenue,6085,8000.0,8500.0
729,Waratah Street,Park Avenue,6213,8000.0,9500.0
730,Waratah Street,Northcote Primary School,6295,8000.0,11000.0
731,Waratah Street,Bruce Street,6468,8000.0,11500.0
732,Waratah Street,Birkenhead Avenue,7128,8000.0,8500.0
733,Waratah Street,St Mary Catholic Church,8302,13000.0,15500.0
734,Waratah Street,Bruce Street,8417,13000.0,16500.0
735,Waratah Street,Onewa Road,8700,13000.0,15000.0
736,Waratah Street,Park Avenue,8798,13000.0,14500.0
737,Waratah Street,Onewa Road,9100,13000.0,15000.0
738,Waratah Street,Birkenhead Avenue,9214,13000.0,13500.0
739,Waratah Street,Fanshawe Street,9323,13000.0,17000.0
740,Waratah Street,Onewa Road,9441,13000.0,15000.0
741,Waratah Street,Fanshawe Street,9869,13000.0,17000.0
742,Waratah Street,Aorangi Place,9911,13000.0,14000.0
743,Waratah Street,Aorangi Place,10061,13000.0,14000.0
744,Waratah Street,Park Avenue,10174,13000.0,14500.0
745,Waratah Street,Aorangi Place,10626,13000.0,14000.0
746,Waratah Street,Birkenhead Avenue,11164,13000.0,13500.0
747,Waratah Street,Fanshawe Street,11376,13000.0,17000.0
748,Waratah Street,Aorangi Place,11515,13000.0,14000.0
749,Waratah Street,Park Avenue,11617,13000.0,14500.0
750,Waratah Street,Northcote Primary School,11666,13000.0,16000.0
751,Waratah Street,Northcote Primary School,11924,13000.0,16000.0
752,Waratah Street,Park Avenue,12424,13000.0,14500.0
753,Waratah Street,Bruce Street,12948,13000.0,16500.0
754,Waratah Street,Northcote Primary School,13377,18000.0,21000.0
755,Waratah Street,Fanshawe Street,13419,18000.0,22000.0
756,Waratah Street,Bruce Street,13637,18000.0,21500.0
757,Waratah Street,Bruce Street,13786,18000.0,21500.0
758,Waratah Street,St Mary Catholic Church,13837,18000.0,20500.0
759,Waratah Street,Park Avenue,14150,18000.0,19500.0
760,Waratah Street,Bruce Street,14850,18000.0,21500.0
761,Waratah Street,Northcote Primary School,14986,18000.0,21000.0
762,Waratah Street,Bruce Street,15038,18000.0,21500.0
763,Waratah Street,Fanshawe Street,15116,18000.0,22000.0
764,Waratah Street,Northcote Primary School,15311,18000.0,21000.0
765,Waratah Street,Fanshawe Street,15778,18000.0,22000.0
766,Waratah Street,St Mary Catholic Church,15922,18000.0,20500.0
767,Waratah Street,Aorangi Place,15947,18000.0,19000.0
768,Waratah Street,Onewa Road,17485,18000.0,20000.0
769,Waratah Street,Aorangi Place,17540,18000.0,19000.0
770,Waratah Street,Birkenhead Avenue,17593,18000.0,18500.0
771,Waratah Street,Onewa Road,18025,23000.0,25000.0
772,Waratah Street,Park Avenue,18372,23000.0,24500.0
773,Waratah Street,St Mary Catholic Church,18553,23000.0,25500.0
774,Waratah Street,Birkenhead Avenue,18964,23000.0,23500.0
775,Waratah Street,Northcote Primary School,18969,23000.0,26000.0
776,Waratah Street,Park Avenue,19185,23000.0,24500.0
777,Waratah Street,Aorangi Place,19420,23000.0,24000.0
778,Waratah Street,Bruce Street,19627,23000.0,26500.0
779,Waratah Street,Northcote Primary School,19831,23000.0,26000.0
780,Waratah Street,Aorangi Place,20369,23000.0,24000.0
781,Waratah Street,Aorangi Place,20726,23000.0,24000.0
782,Waratah Street,Onewa Road,21057,23000.0,25000.0
783,Waratah Street,Fanshawe Street,21535,23000.0,27000.0
784,Waratah Street,Fanshawe Street,22349,23000.0,27000.0
785,Waratah Street,Birkenhead Avenue,22606,23000.0,23500.0
786,Waratah Street,Birkenhead Avenue,22755,23000.0,23500.0
787,Waratah Street,Birkenhead Avenue,23286,28000.0,28500.0
788,Waratah Street,Aorangi Place,23572,28000.0,29000.0
789,Waratah Street,Fanshawe Street,24673,28000.0,32000.0
790,Waratah Street,Onewa Road,25272,28000.0,30000.0
791,Waratah Street,Birkenhead Avenue,26311,28000.0,28500.0
792,Waratah Street,St Mary Catholic Church,26705,28000.0,30500.0
793,Waratah Street,Onewa Road,26748,28000.0,30000.0
794,Waratah Street,Bruce Street,27259,28000.0,31500.0
795,Waratah Street,Onewa Road,27358,28000.0,30000.0
796,Waratah Street,Birkenhead Avenue,27734,28000.0,28500.0
797,Waratah Street,Bruce Street,27735,28000.0,31500.0
798,Waratah Street,Northcote Primary School,27809,28000.0,31000.0
799,Waratah Street,Northcote Primary School,27964,28000.0,31000.0
800,Waratah Street,Onewa Road,28190,33000.0,35000.0
801,Waratah Street,Fanshawe Street,28659,33000.0,37000.0
802,Waratah Street,Onewa Road,29819,33000.0,35000.0
803,Waratah Street,St Mary Catholic Church,30391,33000.0,35500.0
804,Waratah Street,St Mary Catholic Church,32014,33000.0,35500.0
805,Waratah Street,Bruce Street,32459,33000.0,36500.0
806,Waratah Street,Fanshawe Street,33203,38000.0,42000.0
807,Waratah Street,Bruce Street,33241,38000.0,41500.0
808,Waratah Street,Aorangi Place,33418,38000.0,39000.0
809,Waratah Street,Aorangi Place,33427,38000.0,39000.0
810,Waratah Street,Onewa Road,34226,38000.0,40000.0
811,Waratah Street,Bruce Street,34644,38000.0,41500.0
812,Waratah Street,Northcote Primary School,34763,38000.0,41000.0
813,Waratah Street,Park Avenue,34826,38000.0,39500.0
814,Waratah Street,Northcote Primary School,35110,38000.0,41000.0
815,Waratah Street,Bruce Street,35532,38000.0,41500.0
816,Waratah Street,St Mary Catholic Church,35639,38000.0,40500.0
817,Waratah Street,Park Avenue,35747,38000.0,39500.0
818,Waratah Street,Onewa Road,36209,38000.0,40000.0
819,Waratah Street,Park Avenue,36402,38000.0,39500.0
820,Waratah Street,Aorangi Place,37189,38000.0,39000.0
821,Waratah Street,Birkenhead Avenue,37716,38000.0,38500.0
822,Waratah Street,Birkenhead Avenue,38001,43000.0,43500.0
823,Waratah Street,St Mary Catholic Church,38006,43000.0,45500.0
824,Waratah Street,Bruce Street,38816,43000.0,46500.0
825,Waratah Street,St Mary Catholic Church,38957,43000.0,45500.0
826,Waratah Street,Park Avenue,39251,43000.0,44500.0
827,Waratah Street,Park Avenue,39590,43000.0,44500.0
828,Waratah Street,Aorangi Place,40238,43000.0,44000.0
829,Waratah Street,St Mary Catholic Church,40483,43000.0,45500.0
830,Waratah Street,Onewa Road,40781,43000.0,45000.0
831,Waratah Street,Onewa Road,40946,43000.0,45000.0
832,Waratah Street,Bruce Street,41034,43000.0,46500.0
833,Waratah Street,Fanshawe Street,42048,43000.0,47000.0
834,Waratah Street,St Mary Catholic Church,42307,43000.0,45500.0
835,Waratah Street,Birkenhead Avenue,42567,43000.0,43500.0
836,Waratah Street,Northcote Primary School,42649,43000.0,46000.0
837,Waratah Street,Onewa Road,43476,48000.0,50000.0
838,Waratah Street,Fanshawe Street,43512,48000.0,52000.0
839,Waratah Street,Birkenhead Avenue,43963,48000.0,48500.0
840,Birkenhead Avenue,Northcote Primary School,54,3500.0,6000.0
841,Birkenhead Avenue,Northcote Primary School,1568,3500.0,6000.0
842,Birkenhead Avenue,St Mary Catholic Church,2109,3500.0,5500.0
843,Birkenhead Avenue,Fanshawe Street,2699,3500.0,7000.0
844,Birkenhead Avenue,Park Avenue,2754,3500.0,4500.0
845,Birkenhead Avenue,Park Avenue,2798,3500.0,4500.0
846,Birkenhead Avenue,St Mary Catholic Church,3093,3500.0,5500.0
847,Birkenhead Avenue,Bruce Street,3117,3500.0,6500.0
848,Birkenhead Avenue,Onewa Road,3328,3500.0,5000.0
849,Birkenhead Avenue,Park Avenue,3433,3500.0,4500.0
850,Birkenhead Avenue,Onewa Road,3524,8500.0,10000.0
851,Birkenhead Avenue,Aorangi Place,3822,8500.0,9000.0
852,Birkenhead Avenue,Fanshawe Street,4101,8500.0,12000.0
853,Birkenhead Avenue,St Mary Catholic Church,4425,8500.0,10500.0
854,Birkenhead Avenue,St Mary Catholic Church,4897,8500.0,10500.0
855,Birkenhead Avenue,Aorangi Place,5023,8500.0,9000.0
856,Birkenhead Avenue,Onewa Road,5347,8500.0,10000.0
857,Birkenhead Avenue,Fanshawe Street,5821,8500.0,12000.0
858,Birkenhead Avenue,Fanshawe Street,7087,8500.0,12000.0
859,Birkenhead Avenue,Fanshawe Street,7697,8500.0,12000.0
860,Birkenhead Avenue,Northcote Primary School,7722,8500.0,11000.0
861,Birkenhead Avenue,Bruce Street,7897,8500.0,11500.0
862,Birkenhead Avenue,Park Avenue,8362,8500.0,9500.0
863,Birkenhead Avenue,Bruce Street,8482,8500.0,11500.0
864,Birkenhead Avenue,Aorangi Place,8694,13500.0,14000.0
865,Birkenhead Avenue,Fanshawe Street,9370,13500.0,17000.0
866,Birkenhead Avenue,Fanshawe Street,9682,13500.0,17000.0
867,Birkenhead Avenue,Onewa Road,9791,13500.0,15000.0
868,Birkenhead Avenue,Onewa Road,10409,13500.0,15000.0
869,Birkenhead Avenue,Bruce Street,10840,13500.0,16500.0
870,Birkenhead Avenue,Onewa Road,11558,13500.0,15000.0
871,Birkenhead Avenue,St Mary Catholic Church,11636,13500.0,15500.0
872,Birkenhead Avenue,St Mary Catholic Church,12207,13500.0,15500.0
873,Birkenhead Avenue,St Mary Catholic Church,12431,13500.0,15500.0
874,Birkenhead Avenue,St Mary Catholic Church,12573,13500.0,15500.0
875,Birkenhead Avenue,St Mary Catholic Church,13767,18500.0,20500.0
876,Birkenhead Avenue,Fanshawe Street,13896,18500.0,22000.0
877,Birkenhead Avenue,Onewa Road,14104,18500.0,20000.0
878,Birkenhead Avenue,Aorangi Place,15225,18500.0,19000.0
879,Birkenhead Avenue,St Mary Catholic Church,15704,18500.0,20500.0
880,Birkenhead Avenue,Northcote Primary School,16223,18500.0,21000.0
881,Birkenhead Avenue,Northcote Primary School,16974,18500.0,21000.0
882,Birkenhead Avenue,Bruce Street,18113,18500.0,21500.0
883,Birkenhead Avenue,Northcote Primary School,18219,18500.0,21000.0
884,Birkenhead Avenue,Northcote Primary School,18254,18500.0,21000.0
885,Birkenhead Avenue,Onewa Road,18305,18500.0,20000.0
886,Birkenhead Avenue,Fanshawe Street,18472,18500.0,22000.0
887,Birkenhead Avenue,Northcote Primary School,18731,23500.0,26000.0
888,Birkenhead Avenue,Fanshawe Street,19007,23500.0,27000.0
889,Birkenhead Avenue,Fanshawe Street,19553,23500.0,27000.0
890,Birkenhead Avenue,Park Avenue,20798,23500.0,24500.0
891,Birkenhead Avenue,Onewa Road,20981,23500.0,25000.0
892,Birkenhead Avenue,Park Avenue,21576,23500.0,24500.0
893,Birkenhead Avenue,Fanshawe Street,21835,23500.0,27000.0
894,Birkenhead Avenue,Aorangi Place,22012,23500.0,24000.0
895,Birkenhead Avenue,Aorangi Place,22107,23500.0,24000.0
896,Birkenhead Avenue,Fanshawe Street,22449,23500.0,27000.0
897,Birkenhead Avenue,Park Avenue,22697,23500.0,24500.0
898,Birkenhead Avenue,Bruce Street,22698,23500.0,26500.0
899,Birkenhead Avenue,Aorangi Place,23196,23500.0,24000.0
900,Birkenhead Avenue,Bruce Street,23561,28500.0,31500.0
901,Birkenhead Avenue,Onewa Road,23941,28500.0,30000.0
902,Birkenhead Avenue,Aorangi Place,24166,28500.0,29000.0
903,Birkenhead Avenue,Onewa Road,25054,28500.0,30000.0
904,Birkenhead Avenue,Bruce Street,25244,28500.0,31500.0
905,Birkenhead Avenue,Aorangi Place,25758,28500.0,29000.0
906,Birkenhead Avenue,Fanshawe Street,25799,28500.0,32000.0
907,Birkenhead Avenue,Northcote Primary School,25862,28500.0,31000.0
908,Birkenhead Avenue,Fanshawe Street,26401,28500.0,32000.0
909,Birkenhead Avenue,Bruce Street,26664,28500.0,31500.0
910,Birkenhead Avenue,Bruce Street,27898,28500.0,31500.0
911,Birkenhead Avenue,Onewa Road,27939,28500.0,30000.0
912,Birkenhead Avenue,Fanshawe Street,28063,28500.0,32000.0
913,Birkenhead Avenue,Onewa Road,28510,33500.0,35000.0
914,Birkenhead Avenue,Park Avenue,28550,33500.0,34500.0
915,Birkenhead Avenue,Bruce Street,28643,33500.0,36500.0
916,Birkenhead Avenue,Bruce Street,29973,33500.0,36500.0
917,Birkenhead Avenue,Fanshawe Street,31117,33500.0,37000.0
918,Birkenhead Avenue,Onewa Road,31147,33500.0,35000.0
919,Birkenhead Avenue,Aorangi Place,31270,33500.0,34000.0
920,Birkenhead Avenue,Aorangi Place,31666,33500.0,34000.0
921,Birkenhead Avenue,Northcote Primary School,32104,33500.0,36000.0
922,Birkenhead Avenue,Fanshawe Street,32856,33500.0,37000.0
923,Birkenhead Avenue,Bruce Street,33533,38500.0,41500.0
924,Birkenhead Avenue,Aorangi Place,33999,38500.0,39000.0
925,Birkenhead Avenue,Onewa Road,34033,38500.0,40000.0
926,Birkenhead Avenue,Bruce Street,35229,38500.0,41500.0
927,Birkenhead Avenue,St Mary Catholic Church,35351,38500.0,40500.0
928,Birkenhead Avenue,Bruce Street,35429,38500.0,41500.0
929,Birkenhead Avenue,Northcote Primary School,36025,38500.0,41000.0
930,Birkenhead Avenue,St Mary Catholic Church,36213,38500.0,40500.0
931,Birkenhead Avenue,St Mary Catholic Church,36310,38500.0,40500.0
932,Birkenhead Avenue,Park Avenue,36385,38500.0,39500.0
933,Birkenhead Avenue,Bruce Street,36442,38500.0,41500.0
934,Birkenhead Avenue,Northcote Primary School,36632,38500.0,41000.0
935,Birkenhead Avenue,Park Avenue,36735,38500.0,39500.0
936,Birkenhead Avenue,Northcote Primary School,36754,38500.0,41000.0
937,Birkenhead Avenue,Onewa Road,37358,38500.0,40000.0
938,Birkenhead Avenue,Park Avenue,38012,38500.0,39500.0
939,Birkenhead Avenue,Northcote Primary School,38344,38500.0,41000.0
940,Birkenhead Avenue,Northcote Primary School,38913,43500.0,46000.0
941,Birkenhead Avenue,Onewa Road,39564,43500.0,45000.0
942,Birkenhead Avenue,St Mary Catholic Church,40508,43500.0,45500.0
943,Birkenhead Avenue,Northcote Primary School,41446,43500.0,46000.0
944,Birkenhead Avenue,Northcote Primary School,41542,43500.0,46000.0
945,Birkenhead Avenue,Park Avenue,41925,43500.0,44500.0
946,Birkenhead Avenue,Fanshawe Street,42035,43500.0,47000.0
947,Birkenhead Avenue,St Mary Catholic Church,42326,43500.0,45500.0
948,Birkenhead Avenue,Park Avenue,42644,43500.0,44500.0
949,Birkenhead Avenue,Northcote Primary School,43262,43500.0,46000.0
950,Birkenhead Avenue,Northcote Primary School,43773,48500.0,51000.0
951,Birkenhead Avenue,Northcote Primary School,43839,48500.0,51000.0
952,Birkenhead Avenue,Onewa Road,43865,48500.0,50000.0
953,Birkenhead Avenue,Northcote Primary School,44795,48500.0,51000.0
954,Birkenhead Avenue,Aorangi Place,45239,48500.0,49000.0
955,Birkenhead Avenue,Fanshawe Street,45447,48500.0,52000.0
956,Birkenhead Avenue,Fanshawe Street,46575,48500.0,52000.0
957,Birkenhead Avenue,Bruce Street,46671,48500.0,51500.0
958,Birkenhead Avenue,Aorangi Place,46685,48500.0,49000.0
959,Birkenhead Avenue,Bruce Street,46814,48500.0,51500.0
960,Aorangi Place,Northcote Primary School,1439,4000.0,6000.0
961,Aorangi Place,St Mary Catholic Church,2064,4000.0,5500.0
962,Aorangi Place,Onewa Road,2178,4000.0,5000.0
963,Aorangi Place,Bruce Street,2434,4000.0,6500.0
964,Aorangi Place,Bruce Street,2646,4000.0,6500.0
965,Aorangi Place,Bruce Street,3220,4000.0,6500.0
966,Aorangi Place,Bruce Street,3702,4000.0,6500.0
967,Aorangi Place,Fanshawe Street,3779,4000.0,7000.0
968,Aorangi Place,St Mary Catholic Church,3868,4000.0,5500.0
969,Aorangi Place,Bruce Street,4987,9000.0,11500.0
970,Aorangi Place,Northcote Primary School,5122,9000.0,11000.0
971,Aorangi Place,Onewa Road,5493,9000.0,10000.0
972,Aorangi Place,Park Avenue,5724,9000.0,9500.0
973,Aorangi Place,Bruce Street,6070,9000.0,11500.0
974,Aorangi Place,Northcote Primary School,6639,9000.0,11000.0
975,Aorangi Place,Onewa Road,7461,9000.0,10000.0
976,Aorangi Place,Onewa Road,7517,9000.0,10000.0
977,Aorangi Place,Fanshawe Street,7739,9000.0,12000.0
978,Aorangi Place,Fanshawe Street,7752,9000.0,12000.0
979,Aorangi Place,Onewa Road,7765,9000.0,10000.0
980,Aorangi Place,Park Avenue,7767,9000.0,9500.0
981,Aorangi Place,Northcote Primary School,9087,14000.0,16000.0
982,Aorangi Place,St Mary Catholic Church,9141,14000.0,15500.0
983,Aorangi Place,St Mary Catholic Church,9225,14000.0,15500.0
984,Aorangi Place,St Mary Catholic Church,9945,14000.0,15500.0
985,Aorangi Place,Northcote Primary School,10832,14000.0,16000.0
986,Aorangi Place,Park Avenue,11514,14000.0,14500.0
987,Aorangi Place,Onewa Road,11905,14000.0,15000.0
988,Aorangi Place,St Mary Catholic Church,11954,14000.0,15500.0
989,Aorangi Place,Onewa Road,12595,14000.0,15000.0
990,Aorangi Place,Bruce Street,12667,14000.0,16500.0
991,Aorangi Place,Park Avenue,13497,14000.0,14500.0
992,Aorangi Place,Fanshawe Street,13735,14000.0,17000.0
993,Aorangi Place,Bruce Street,13846,14000.0,16500.0
994,Aorangi Place,Onewa Road,13924,14000.0,15000.0
995,Aorangi Place,Bruce Street,13940,14000.0,16500.0
996,Aorangi Place,Park Avenue,15054,19000.0,19500.0
997,Aorangi Place,Fanshawe Street,15055,19000.0,22000.0
998,Aorangi Place,Northcote Primary School,15168,19000.0,21000.0
999,Aorangi Place,Fanshawe Street,15416,19000.0,22000.0
1000,Aorangi Place,Fanshawe Street,15477,19000.0,22000.0
1001,Aorangi Place,St Mary Catholic Church,15508,19000.0,20500.0
1002,Aorangi Place,St Mary Catholic Church,15540,19000.0,20500.0
1003,Aorangi Place,Northcote Primary School,15647,19000.0,21000.0
1004,Aorangi Place,St Mary Catholic Church,16327,19000.0,20500.0
1005,Aorangi Place,Fanshawe Street,16734,19000.0,22000.0
1006,Aorangi Place,Fanshawe Street,16740,19000.0,22000.0
1007,Aorangi Place,Park Avenue,16777,19000.0,19500.0
1008,Aorangi Place,Bruce Street,16850,19000.0,21500.0
1009,Aorangi Place,St Mary Catholic Church,17665,19000.0,20500.0
1010,Aorangi Place,Park Avenue,18155,19000.0,19500.0
1011,Aorangi Place,Bruce Street,18831,19000.0,21500.0
1012,Aorangi Place,Onewa Road,19298,24000.0,25000.0
1013,Aorangi Place,Bruce Street,19760,24000.0,26500.0
1014,Aorangi Place,St Mary Catholic Church,19973,24000.0,25500.0
1015,Aorangi Place,Fanshawe Street,20077,24000.0,27000.0
1016,Aorangi Place,Bruce Street,20313,24000.0,26500.0
1017,Aorangi Place,Northcote Primary School,20727,24000.0,26000.0
1018,Aorangi Place,Fanshawe Street,21062,24000.0,27000.0
1019,Aorangi Place,Northcote Primary School,21306,24000.0,26000.0
1020,Aorangi Place,Fanshawe Street,21347,24000.0,27000.0
1021,Aorangi Place,Onewa Road,22237,24000.0,25000.0
1022,Aorangi Place,Park Avenue,22526,24000.0,24500.0
1023,Aorangi Place,Northcote Primary School,22668,24000.0,26000.0
1024,Aorangi Place,Bruce Street,23728,24000.0,26500.0
1025,Aorangi Place,Onewa Road,24327,29000.0,30000.0
1026,Aorangi Place,Fanshawe Street,25169,29000.0,32000.0
1027,Aorangi Place,Onewa Road,25311,29000.0,30000.0
1028,Aorangi Place,Park Avenue,25581,29000.0,29500.0
1029,Aorangi Place,Bruce Street,26344,29000.0,31500.0
1030,Aorangi Place,Onewa Road,26576,29000.0,30000.0
1031,Aorangi Place,Fanshawe Street,27578,29000.0,32000.0
1032,Aorangi Place,St Mary Catholic Church,27972,29000.0,30500.0
1033,Aorangi Place,Park Avenue,28091,29000.0,29500.0
1034,Aorangi Place,Onewa Road,28261,29000.0,30000.0
1035,Aorangi Place,Park Avenue,28556,29000.0,29500.0
1036,Aorangi Place,Onewa Road,28673,29000.0,30000.0
1037,Aorangi Place,Park Avenue,29550,34000.0,34500.0
1038,Aorangi Place,Fanshawe Street,30307,34000.0,37000.0
1039,Aorangi Place,St Mary Catholic Church,30333,34000.0,35500.0
1040,Aorangi Place,St Mary Catholic Church,30420,34000.0,35500.0
1041,Aorangi Place,Northcote Primary School,30712,34000.0,36000.0
1042,Aorangi Place,Park Avenue,30801,34000.0,34500.0
1043,Aorangi Place,Onewa Road,31083,34000.0,35000.0
1044,Aorangi Place,St Mary Catholic Church,32021,34000.0,35500.0
1045,Aorangi Place,St Mary Catholic Church,32368,34000.0,35500.0
1046,Aorangi Place,St Mary Catholic Church,32385,34000.0,35500.0
1047,Aorangi Place,Park Avenue,32416,34000.0,34500.0
1048,Aorangi Place,Park Avenue,33393,34000.0,34500.0
1049,Aorangi Place,Northcote Primary School,33585,34000.0,36000.0
1050,Aorangi Place,Bruce Street,33601,34000.0,36500.0
1051,Aorangi Place,Fanshawe Street,34356,39000.0,42000.0
1052,Aorangi Place,Northcote Primary School,34641,39000.0,41000.0
1053,Aorangi Place,St Mary Catholic Church,35011,39000.0,40500.0
1054,Aorangi Place,Fanshawe Street,35324,39000.0,42000.0
1055,Aorangi Place,St Mary Catholic Church,36094,39000.0,40500.0
1056,Aorangi Place,Northcote Primary School,36300,39000.0,41000.0
1057,Aorangi Place,Northcote Primary School,36330,39000.0,41000.0
1058,Aorangi Place,St Mary Catholic Church,37400,39000.0,40500.0
1059,Aorangi Place,Bruce Street,37420,39000.0,41500.0
1060,Aorangi Place,Onewa Road,37500,39000.0,40000.0
1061,Aorangi Place,St Mary Catholic Church,37866,39000.0,40500.0
1062,Aorangi Place,Onewa Road,38563,39000.0,40000.0
1063,Aorangi Place,Onewa Road,39393,44000.0,45000.0
1064,Aorangi Place,Park Avenue,39420,44000.0,44500.0
1065,Aorangi Place,Onewa Road,40144,44000.0,45000.0
1066,Aorangi Place,Park Avenue,40246,44000.0,44500.0
1067,Aorangi Place,St Mary Catholic Church,40524,44000.0,45500.0
1068,Aorangi Place,Onewa Road,40696,44000.0,45000.0
1069,Aorangi Place,Onewa Road,41316,44000.0,45000.0
1070,Aorangi Place,Bruce Street,41846,44000.0,46500.0
1071,Aorangi Place,Northcote Primary School,42702,44000.0,46000.0
1072,Aorangi Place,Fanshawe Street,43320,44000.0,47000.0
1073,Aorangi Place,St Mary Catholic Church,43696,44000.0,45500.0
1074,Aorangi Place,St Mary Catholic Church,43875,44000.0,45500.0
1075,Aorangi Place,Fanshawe Street,44718,49000.0,52000.0
1076,Aorangi Place,St Mary Catholic Church,44920,49000.0,50500.0
1077,Aorangi Place,St Mary Catholic Church,45532,49000.0,50500.0
1078,Aorangi Place,Northcote Primary School,45747,49000.0,51000.0
1079,Aorangi Place,Bruce Street,45919,49000.0,51500.0
1080,Park Avenue,St Mary Catholic Church,296,4500.0,5500.0
1081,Park Avenue,Northcote Primary School,317,4500.0,6000.0
1082,Park Avenue,Onewa Road,402,4500.0,5000.0
1083,Park Avenue,Fanshawe Street,491,4500.0,7000.0
1084,Park Avenue,St Mary Catholic Church,656,4500.0,5500.0
1085,Park Avenue,Bruce Street,956,4500.0,6500.0
1086,Park Avenue,Bruce Street,989,4500.0,6500.0
1087,Park Avenue,Northcote Primary School,1480,4500.0,6000.0
1088,Park Avenue,St Mary Catholic Church,3732,4500.0,5500.0
1089,Park Avenue,St Mary Catholic Church,3956,4500.0,5500.0
1090,Park Avenue,Onewa Road,4870,9500.0,10000.0
1091,Park Avenue,Northcote Primary School,5619,9500.0,11000.0
1092,Park Avenue,Onewa Road,6064,9500.0,10000.0
1093,Park Avenue,Northcote Primary School,6717,9500.0,11000.0
1094,Park Avenue,Northcote Primary School,6848,9500.0,11000.0
1095,Park Avenue,Northcote Primary School,6924,9500.0,11000.0
1096,Park Avenue,St Mary Catholic Church,7386,9500.0,10500.0
1097,Park Avenue,Fanshawe Street,7697,9500.0,12000.0
1098,Park Avenue,St Mary Catholic Church,7864,9500.0,10500.0
1099,Park Avenue,St Mary Catholic Church,8374,9500.0,10500.0
1100,Park Avenue,Northcote Primary School,8600,9500.0,11000.0
1101,Park Avenue,Northcote Primary School,8615,9500.0,11000.0
1102,Park Avenue,Fanshawe Street,9025,9500.0,12000.0
1103,Park Avenue,Bruce Street,10059,14500.0,16500.0
1104,Park Avenue,Northcote Primary School,10506,14500.0,16000.0
1105,Park Avenue,Bruce Street,10666,14500.0,16500.0
1106,Park Avenue,Northcote Primary School,10702,14500.0,16000.0
1107,Park Avenue,St Mary Catholic Church,10764,14500.0,15500.0
1108,Park Avenue,St Mary Catholic Church,11685,14500.0,15500.0
1109,Park Avenue,Onewa Road,11914,14500.0,15000.0
1110,Park Avenue,Northcote Primary School,12094,14500.0,16000.0
1111,Park Avenue,Northcote Primary School,12610,14500.0,16000.0
1112,Park Avenue,Northcote Primary School,12876,14500.0,16000.0
1113,Park Avenue,Fanshawe Street,12954,14500.0,17000.0
1114,Park Avenue,Onewa Road,13376,14500.0,15000.0
1115,Park Avenue,Northcote Primary School,13722,14500.0,16000.0
1116,Park Avenue,Northcote Primary School,14155,14500.0,16000.0
1117,Park Avenue,St Mary Catholic Church,14175,14500.0,15500.0
1118,Park Avenue,Fanshawe Street,14548,19500.0,22000.0
1119,Park Avenue,St Mary Catholic Church,14692,19500.0,20500.0
1120,Park Avenue,St Mary Catholic Church,15548,19500.0,20500.0
1121,Park Avenue,Northcote Primary School,15735,19500.0,21000.0
1122,Park Avenue,Fanshawe Street,15962,19500.0,22000.0
1123,Park Avenue,Northcote Primary School,17234,19500.0,21000.0
1124,Park Avenue,Fanshawe Street,18039,19500.0,22000.0
1125,Park Avenue,Fanshawe Street,18137,19500.0,22000.0
1126,Park Avenue,Bruce Street,18537,19500.0,21500.0
1127,Park Avenue,Fanshawe Street,18856,19500.0,22000.0
1128,Park Avenue,Bruce Street,18935,19500.0,21500.0
1129,Park Avenue,Onewa Road,19219,19500.0,20000.0
1130,Park Avenue,Onewa Road,20627,24500.0,25000.0
1131,Park Avenue,Bruce Street,21027,24500.0,26500.0
1132,Park Avenue,Onewa Road,21103,24500.0,25000.0
1133,Park Avenue,Northcote Primary School,21105,24500.0,26000.0
1134,Park Avenue,Bruce Street,21440,24500.0,26500.0
1135,Park Avenue,Bruce Street,21819,24500.0,26500.0
1136,Park Avenue,Onewa Road,21841,24500.0,25000.0
1137,Park Avenue,Onewa Road,21871,24500.0,25000.0
1138,Park Avenue,Bruce Street,21893,24500.0,26500.0
1139,Park Avenue,Onewa Road,21965,24500.0,25000.0
1140,Park Avenue,St Mary Catholic Church,22596,24500.0,25500.0
1141,Park Avenue,Northcote Primary School,22802,24500.0,26000.0
1142,Park Avenue,St Mary Catholic Church,22934,24500.0,25500.0
1143,Park Avenue,Fanshawe Street,23094,24500.0,27000.0
1144,Park Avenue,Fanshawe Street,23312,24500.0,27000.0
1145,Park Avenue,Onewa Road,23594,24500.0,25000.0
1146,Park Avenue,Bruce Street,24163,24500.0,26500.0
1147,Park Avenue,Bruce Street,24269,24500.0,26500.0
1148,Park Avenue,Bruce Street,24364,24500.0,26500.0
1149,Park Avenue,St Mary Catholic Church,24619,29500.0,30500.0
1150,Park Avenue,Fanshawe Street,24824,29500.0,32000.0
1151,Park Avenue,St Mary Catholic Church,24834,29500.0,30500.0
1152,Park Avenue,Northcote Primary School,24869,29500.0,31000.0
1153,Park Avenue,Bruce Street,25453,29500.0,31500.0
1154,Park Avenue,Fanshawe Street,25509,29500.0,32000.0
1155,Park Avenue,Bruce Street,26387,29500.0,31500.0
1156,Park Avenue,Fanshawe Street,27206,29500.0,32000.0
1157,Park Avenue,Onewa Road,27285,29500.0,30000.0
1158,Park Avenue,Northcote Primary School,28072,29500.0,31000.0
1159,Park Avenue,Northcote Primary School,28376,29500.0,31000.0
1160,Park Avenue,Onewa Road,28393,29500.0,30000.0
1161,Park Avenue,Northcote Primary School,28804,29500.0,31000.0
1162,Park Avenue,St Mary Catholic Church,29470,29500.0,30500.0
1163,Park Avenue,St Mary Catholic Church,29734,34500.0,35500.0
1164,Park Avenue,Onewa Road,29914,34500.0,35000.0
1165,Park Avenue,Onewa Road,30516,34500.0,35000.0
1166,Park Avenue,Bruce Street,31111,34500.0,36500.0
1167,Park Avenue,Bruce Street,31316,34500.0,36500.0
1168,Park Avenue,Bruce Street,32647,34500.0,36500.0
1169,Park Avenue,Bruce Street,33964,34500.0,36500.0
1170,Park Avenue,St Mary Catholic Church,34215,34500.0,35500.0
1171,Park Avenue,Northcote Primary School,34891,39500.0,41000.0
1172,Park Avenue,Onewa Road,35189,39500.0,40000.0
1173,Park Avenue,Northcote Primary School,35212,39500.0,41000.0
1174,Park Avenue,Onewa Road,35350,39500.0,40000.0
1175,Park Avenue,St Mary Catholic Church,35997,39500.0,40500.0
1176,Park Avenue,Northcote Primary School,36359,39500.0,41000.0
1177,Park Avenue,Onewa Road,36396,39500.0,40000.0
1178,Park Avenue,Northcote Primary School,36509,39500.0,41000.0
1179,Park Avenue,Northcote Primary School,36899,39500.0,41000.0
1180,Park Avenue,Northcote Primary School,38040,39500.0,41000.0
1181,Park Avenue,St Mary Catholic Church,38487,39500.0,40500.0
1182,Park Avenue,Bruce Street,38931,39500.0,41500.0
1183,Park Avenue,Onewa Road,39070,39500.0,40000.0
1184,Park Avenue,Bruce Street,39865,44500.0,46500.0
1185,Park Avenue,Fanshawe Street,40106,44500.0,47000.0
1186,Park Avenue,St Mary Catholic Church,40200,44500.0,45500.0
1187,Park Avenue,Fanshawe Street,40760,44500.0,47000.0
1188,Park Avenue,Onewa Road,42608,44500.0,45000.0
1189,Park Avenue,Fanshawe Street,42653,44500.0,47000.0
1190,Park Avenue,Fanshawe Street,43014,44500.0,47000.0
1191,Park Avenue,Northcote Primary School,43447,44500.0,46000.0
1192,Park Avenue,Northcote Primary School,43885,44500.0,46000.0
1193,Park Avenue,Fanshawe Street,43940,44500.0,47000.0
1194,Park Avenue,Onewa Road,44153,44500.0,45000.0
1195,Park Avenue,Bruce Street,44662,49500.0,51500.0
1196,Park Avenue,St Mary Catholic Church,44753,49500.0,50500.0
1197,Park Avenue,Onewa Road,44967,49500.0,50000.0
1198,Park Avenue,Northcote Primary School,45220,49500.0,51000.0
1199,Park Avenue,Onewa Road,45357,49500.0,50000.0
1200,Onewa Road,Bruce Street,61,5000.0,6500.0
1201,Onewa Road,Northcote Primary School,901,5000.0,6000.0
1202,Onewa Road,Northcote Primary School,1141,5000.0,6000.0
1203,Onewa Road,Fanshawe Street,1659,5000.0,7000.0
1204,Onewa Road,Bruce Street,2169,5000.0,6500.0
1205,Onewa Road,Bruce Street,2562,5000.0,6500.0
1206,Onewa Road,Northcote Primary School,2811,5000.0,6000.0
1207,Onewa Road,St Mary Catholic Church,3974,5000.0,5500.0
1208,Onewa Road,Bruce Street,4589,5000.0,6500.0
1209,Onewa Road,Bruce Street,4657,5000.0,6500.0
1210,Onewa Road,St Mary Catholic Church,4869,5000.0,5500.0
1211,Onewa Road,Northcote Primary School,5444,10000.0,11000.0
1212,Onewa Road,Bruce Street,6229,10000.0,11500.0
1213,Onewa Road,St Mary Catholic Church,6610,10000.0,10500.0
1214,Onewa Road,Bruce Street,7873,10000.0,11500.0
1215,Onewa Road,Northcote Primary School,7970,10000.0,11000.0
1216,Onewa Road,Northcote Primary School,8790,10000.0,11000.0
1217,Onewa Road,St Mary Catholic Church,9766,10000.0,10500.0
1218,Onewa Road,St Mary Catholic Church,9931,10000.0,10500.0
1219,Onewa Road,Fanshawe Street,10387,15000.0,17000.0
1220,Onewa Road,St Mary Catholic Church,12253,15000.0,15500.0
1221,Onewa Road,Northcote Primary School,12355,15000.0,16000.0
1222,Onewa Road,St Mary Catholic Church,13182,15000.0,15500.0
1223,Onewa Road,Fanshawe Street,14069,15000.0,17000.0
1224,Onewa Road,Northcote Primary School,14169,15000.0,16000.0
1225,Onewa Road,Northcote Primary School,14925,15000.0,16000.0
1226,Onewa Road,Fanshawe Street,14988,15000.0,17000.0
1227,Onewa Road,Bruce Street,16075,20000.0,21500.0
1228,Onewa Road,Northcote Primary School,16112,20000.0,21000.0
1229,Onewa Road,St Mary Catholic Church,16648,20000.0,20500.0
1230,Onewa Road,Northcote Primary School,16664,20000.0,21000.0
1231,Onewa Road,Northcote Primary School,18078,20000.0,21000.0
1232,Onewa Road,Bruce Street,18776,20000.0,21500.0
1233,Onewa Road,Bruce Street,19576,20000.0,21500.0
1234,Onewa Road,St Mary Catholic Church,19795,20000.0,20500.0
1235,Onewa Road,Northcote Primary School,20552,25000.0,26000.0
1236,Onewa Road,Fanshawe Street,20575,25000.0,27000.0
1237,Onewa Road,Northcote Primary School,20882,25000.0,26000.0
1238,Onewa Road,Fanshawe Street,21423,25000.0,27000.0
1239,Onewa Road,St Mary Catholic Church,22479,25000.0,25500.0
1240,Onewa Road,Bruce Street,22780,25000.0,26500.0
1241,Onewa Road,Bruce Street,23300,25000.0,26500.0
1242,Onewa Road,St Mary Catholic Church,23933,25000.0,25500.0
1243,Onewa Road,St Mary Catholic Church,24216,25000.0,25500.0
1244,Onewa Road,Northcote Primary School,24406,25000.0,26000.0
1245,Onewa Road,Bruce Street,24838,25000.0,26500.0
1246,Onewa Road,Fanshawe Street,24844,25000.0,27000.0
1247,Onewa Road,St Mary Catholic Church,25236,30000.0,30500.0
1248,Onewa Road,Fanshawe Street,25318,30000.0,32000.0
1249,Onewa Road,St Mary Catholic Church,25320,30000.0,30500.0
1250,Onewa Road,Northcote Primary School,25554,30000.0,31000.0
1251,Onewa Road,Bruce Street,25851,30000.0,31500.0
1252,Onewa Road,Northcote Primary School,26483,30000.0,31000.0
1253,Onewa Road,St Mary Catholic Church,26682,30000.0,30500.0
1254,Onewa Road,St Mary Catholic Church,26890,30000.0,30500.0
1255,Onewa Road,Fanshawe Street,27108,30000.0,32000.0
1256,Onewa Road,St Mary Catholic Church,28222,30000.0,30500.0
1257,Onewa Road,Bruce Street,28296,30000.0,31500.0
1258,Onewa Road,St Mary Catholic Church,28630,30000.0,30500.0
1259,Onewa Road,St Mary Catholic Church,28848,30000.0,30500.0
1260,Onewa Road,Fanshawe Street,29251,30000.0,32000.0
1261,Onewa Road,Bruce Street,29474,30000.0,31500.0
1262,Onewa Road,Fanshawe Street,30197,35000.0,37000.0
1263,Onewa Road,St Mary Catholic Church,31234,35000.0,35500.0
1264,Onewa Road,Fanshawe Street,31677,35000.0,37000.0
1265,Onewa Road,Bruce Street,33031,35000.0,36500.0
1266,Onewa Road,Northcote Primary School,33818,35000.0,36000.0
1267,Onewa Road,Fanshawe Street,34100,35000.0,37000.0
1268,Onewa Road,St Mary Catholic Church,34237,35000.0,35500.0
1269,Onewa Road,Northcote Primary School,34363,35000.0,36000.0
1270,Onewa Road,Fanshawe Street,34421,35000.0,37000.0
1271,Onewa Road,St Mary Catholic Church,34793,35000.0,35500.0
1272,Onewa Road,Bruce Street,35098,40000.0,41500.0
1273,Onewa Road,Northcote Primary School,35964,40000.0,41000.0
1274,Onewa Road,Fanshawe Street,36148,40000.0,42000.0
1275,Onewa Road,St Mary Catholic Church,36290,40000.0,40500.0
1276,Onewa Road,Fanshawe Street,36485,40000.0,42000.0
1277,Onewa Road,Northcote Primary School,37249,40000.0,41000.0
1278,Onewa Road,Fanshawe Street,37530,40000.0,42000.0
1279,Onewa Road,Bruce Street,37744,40000.0,41500.0
1280,Onewa Road,Bruce Street,37835,40000.0,41500.0
1281,Onewa Road,St Mary Catholic Church,37932,40000.0,40500.0
1282,Onewa Road,Northcote Primary School,38019,40000.0,41000.0
1283,Onewa Road,Northcote Primary School,39647,40000.0,41000.0
1284,Onewa Road,Bruce Street,40254,45000.0,46500.0
1285,Onewa Road,Northcote Primary School,40870,45000.0,46000.0
1286,Onewa Road,St Mary Catholic Church,41072,45000.0,45500.0
1287,Onewa Road,St Mary Catholic Church,41497,45000.0,45500.0
1288,Onewa Road,St Mary Catholic Church,42282,45000.0,45500.0
1289,Onewa Road,Northcote Primary School,42366,45000.0,46000.0
1290,Onewa Road,Northcote Primary School,42472,45000.0,46000.0
1291,Onewa Road,Northcote Primary School,43135,45000.0,46000.0
1292,Onewa Road,St Mary Catholic Church,43710,45000.0,45500.0
1293,Onewa Road,St Mary Catholic Church,45243,50000.0,50500.0
1294,Onewa Road,Northcote Primary School,45333,50000.0,51000.0
1295,Onewa Road,Fanshawe Street,46498,50000.0,52000.0
1296,Onewa Road,Fanshawe Street,46539,50000.0,52000.0
1297,Onewa Road,Fanshawe Street,46858,50000.0,52000.0
1298,Onewa Road,St Mary Catholic Church,47094,50000.0,50500.0
1299,Onewa Road,St Mary Catholic Church,47274,50000.0,50500.0
1300,Onewa Road,Bruce Street,47487,50000.0,51500.0
1301,Onewa Road,Fanshawe Street,47622,50000.0,52000.0
1302,Onewa Road,St Mary Catholic Church,48456,50000.0,50500.0
1303,Onewa Road,Bruce Street,49128,50000.0,51500.0
1304,Onewa Road,St Mary Catholic Church,49977,50000.0,50500.0
1305,Onewa Road,St Mary Catholic Church,50402,,
1306,Onewa Road,Fanshawe Street,50667,,
1307,Onewa Road,Fanshawe Street,50781,,
1308,Onewa Road,Northcote Primary School,51188,,
1309,Onewa Road,St Mary Catholic Church,51443,,
1310,Onewa Road,Fanshawe Street,51451,,
1311,Onewa Road,Bruce Street,51460,,
1312,Onewa Road,St Mary Catholic Church,51876,,
1313,Onewa Road,Northcote Primary School,52106,,
1314,Onewa Road,Northcote Primary School,52404,,
1315,Onewa Road,Northcote Primary School,53379,,
1316,Onewa Road,Fanshawe Street,54114,,
1317,Onewa Road,Bruce Street,54469,,
1318,Onewa Road,St Mary Catholic Church,54539,,
1319,Onewa Road,Fanshawe Street,54699,,
1320,St Mary Catholic Church,Northcote Primary School,643,5500.0,6000.0
1321,St Mary Catholic Church,Northcote Primary School,1448,5500.0,6000.0
1322,St Mary Catholic Church,Bruce Street,1522,5500.0,6500.0
1323,St Mary Catholic Church,Northcote Primary School,1783,5500.0,6000.0
1324,St Mary Catholic Church,Bruce Street,2506,5500.0,6500.0
1325,St Mary Catholic Church,Northcote Primary School,3295,5500.0,6000.0
1326,St Mary Catholic Church,Fanshawe Street,3561,5500.0,7000.0
1327,St Mary Catholic Church,Fanshawe Street,3753,5500.0,7000.0
1328,St Mary Catholic Church,Bruce Street,3961,5500.0,6500.0
1329,St Mary Catholic Church,Bruce Street,4287,5500.0,6500.0
1330,St Mary Catholic Church,Bruce Street,4333,5500.0,6500.0
1331,St Mary Catholic Church,Northcote Primary School,4460,5500.0,6000.0
1332,St Mary Catholic Church,Bruce Street,5129,5500.0,6500.0
1333,St Mary Catholic Church,Northcote Primary School,5487,5500.0,6000.0
1334,St Mary Catholic Church,Northcote Primary School,6066,10500.0,11000.0
1335,St Mary Catholic Church,Fanshawe Street,6453,10500.0,12000.0
1336,St Mary Catholic Church,Fanshawe Street,6515,10500.0,12000.0
1337,St Mary Catholic Church,Northcote Primary School,7031,10500.0,11000.0
1338,St Mary Catholic Church,Fanshawe Street,7951,10500.0,12000.0
1339,St Mary Catholic Church,Fanshawe Street,8337,10500.0,12000.0
1340,St Mary Catholic Church,Bruce Street,9413,10500.0,11500.0
1341,St Mary Catholic Church,Bruce Street,9450,10500.0,11500.0
1342,St Mary Catholic Church,Northcote Primary School,10112,10500.0,11000.0
1343,St Mary Catholic Church,Bruce Street,10449,10500.0,11500.0
1344,St Mary Catholic Church,Northcote Primary School,10719,15500.0,16000.0
1345,St Mary Catholic Church,Fanshawe Street,11746,15500.0,17000.0
1346,St Mary Catholic Church,Bruce Street,12196,15500.0,16500.0
1347,St Mary Catholic Church,Fanshawe Street,13808,15500.0,17000.0
1348,St Mary Catholic Church,Northcote Primary School,13929,15500.0,16000.0
1349,St Mary Catholic Church,Bruce Street,14258,15500.0,16500.0
1350,St Mary Catholic Church,Fanshawe Street,14308,15500.0,17000.0
1351,St Mary Catholic Church,Northcote Primary School,14622,15500.0,16000.0
1352,St Mary Catholic Church,Northcote Primary School,16461,20500.0,21000.0
1353,St Mary Catholic Church,Bruce Street,16485,20500.0,21500.0
1354,St Mary Catholic Church,Northcote Primary School,17251,20500.0,21000.0
1355,St Mary Catholic Church,Northcote Primary School,18559,20500.0,21000.0
1356,St Mary Catholic Church,Fanshawe Street,19075,20500.0,22000.0
1357,St Mary Catholic Church,Northcote Primary School,19608,20500.0,21000.0
1358,St Mary Catholic Church,Northcote Primary School,19677,20500.0,21000.0
1359,St Mary Catholic Church,Fanshawe Street,19855,20500.0,22000.0
1360,St Mary Catholic Church,Northcote Primary School,19960,20500.0,21000.0
1361,St Mary Catholic Church,Northcote Primary School,20421,20500.0,21000.0
1362,St Mary Catholic Church,Northcote Primary School,20644,25500.0,26000.0
1363,St Mary Catholic Church,Northcote Primary School,20782,25500.0,26000.0
1364,St Mary Catholic Church,Bruce Street,21127,25500.0,26500.0
1365,St Mary Catholic Church,Bruce Street,21465,25500.0,26500.0
1366,St Mary Catholic Church,Bruce Street,21525,25500.0,26500.0
1367,St Mary Catholic Church,Northcote Primary School,21695,25500.0,26000.0
1368,St Mary Catholic Church,Fanshawe Street,22577,25500.0,27000.0
1369,St Mary Catholic Church,Fanshawe Street,22638,25500.0,27000.0
1370,St Mary Catholic Church,Fanshawe Street,23070,25500.0,27000.0
1371,St Mary Catholic Church,Bruce Street,23375,25500.0,26500.0
1372,St Mary Catholic Church,Bruce Street,23863,25500.0,26500.0
1373,St Mary Catholic Church,Fanshawe Street,24203,25500.0,27000.0
1374,St Mary Catholic Church,Bruce Street,24321,25500.0,26500.0
1375,St Mary Catholic Church,Northcote Primary School,25605,30500.0,31000.0
1376,St Mary Catholic Church,Northcote Primary School,26314,30500.0,31000.0
1377,St Mary Catholic Church,Fanshawe Street,26666,30500.0,32000.0
1378,St Mary Catholic Church,Bruce Street,27033,30500.0,31500.0
1379,St Mary Catholic Church,Fanshawe Street,27184,30500.0,32000.0
1380,St Mary Catholic Church,Northcote Primary School,27477,30500.0,31000.0
1381,St Mary Catholic Church,Bruce Street,28007,30500.0,31500.0
1382,St Mary Catholic Church,Fanshawe Street,28157,30500.0,32000.0
1383,St Mary Catholic Church,Northcote Primary School,28433,30500.0,31000.0
1384,St Mary Catholic Church,Bruce Street,29899,30500.0,31500.0
1385,St Mary Catholic Church,Bruce Street,30693,35500.0,36500.0
1386,St Mary Catholic Church,Bruce Street,30895,35500.0,36500.0
1387,St Mary Catholic Church,Northcote Primary School,31417,35500.0,36000.0
1388,St Mary Catholic Church,Bruce Street,31627,35500.0,36500.0
1389,St Mary Catholic Church,Northcote Primary School,31738,35500.0,36000.0
1390,St Mary Catholic Church,Northcote Primary School,31931,35500.0,36000.0
1391,St Mary Catholic Church,Northcote Primary School,31936,35500.0,36000.0
1392,St Mary Catholic Church,Fanshawe Street,32115,35500.0,37000.0
1393,St Mary Catholic Church,Fanshawe Street,32609,35500.0,37000.0
1394,St Mary Catholic Church,Bruce Street,32656,35500.0,36500.0
1395,St Mary Catholic Church,Bruce Street,34331,35500.0,36500.0
1396,St Mary Catholic Church,Bruce Street,35071,35500.0,36500.0
1397,St Mary Catholic Church,Fanshawe Street,35658,40500.0,42000.0
1398,St Mary Catholic Church,Northcote Primary School,35993,40500.0,41000.0
1399,St Mary Catholic Church,Bruce Street,36013,40500.0,41500.0
1400,St Mary Catholic Church,Northcote Primary School,36746,40500.0,41000.0
1401,St Mary Catholic Church,Fanshawe Street,36827,40500.0,42000.0
1402,St Mary Catholic Church,Bruce Street,37922,40500.0,41500.0
1403,St Mary Catholic Church,Bruce Street,38129,40500.0,41500.0
1404,St Mary Catholic Church,Northcote Primary School,38242,40500.0,41000.0
1405,St Mary Catholic Church,Northcote Primary School,38966,40500.0,41000.0
1406,St Mary Catholic Church,Fanshawe Street,38997,40500.0,42000.0
1407,St Mary Catholic Church,Northcote Primary School,39783,40500.0,41000.0
1408,St Mary Catholic Church,Fanshawe Street,40519,45500.0,47000.0
1409,St Mary Catholic Church,Fanshawe Street,40620,45500.0,47000.0
1410,St Mary Catholic Church,Northcote Primary School,40681,45500.0,46000.0
1411,St Mary Catholic Church,Northcote Primary School,41864,45500.0,46000.0
1412,St Mary Catholic Church,Bruce Street,42297,45500.0,46500.0
1413,St Mary Catholic Church,Northcote Primary School,42323,45500.0,46000.0
1414,St Mary Catholic Church,Bruce Street,42360,45500.0,46500.0
1415,St Mary Catholic Church,Fanshawe Street,42841,45500.0,47000.0
1416,St Mary Catholic Church,Fanshawe Street,43724,45500.0,47000.0
1417,St Mary Catholic Church,Fanshawe Street,43909,45500.0,47000.0
1418,St Mary Catholic Church,Northcote Primary School,45038,45500.0,46000.0
1419,St Mary Catholic Church,Bruce Street,45096,45500.0,46500.0
1420,St Mary Catholic Church,Bruce Street,45498,45500.0,46500.0
1421,St Mary Catholic Church,Bruce Street,46037,50500.0,51500.0
1422,St Mary Catholic Church,Bruce Street,46354,50500.0,51500.0
1423,St Mary Catholic Church,Fanshawe Street,46969,50500.0,52000.0
1424,St Mary Catholic Church,Northcote Primary School,47085,50500.0,51000.0
1425,St Mary Catholic Church,Bruce Street,47400,50500.0,51500.0
1426,St Mary Catholic Church,Bruce Street,48208,50500.0,51500.0
1427,St Mary Catholic Church,Fanshawe Street,48344,50500.0,52000.0
1428,St Mary Catholic Church,Bruce Street,48753,50500.0,51500.0
1429,St Mary Catholic Church,Fanshawe Street,48981,50500.0,52000.0
1430,St Mary Catholic Church,Bruce Street,49293,50500.0,51500.0
1431,St Mary Catholic Church,Fanshawe Street,49505,50500.0,52000.0
1432,St Mary Catholic Church,Bruce Street,49719,50500.0,51500.0
1433,St Mary Catholic Church,Bruce Street,49889,50500.0,51500.0
1434,St Mary Catholic Church,Fanshawe Street,50308,50500.0,52000.0
1435,St Mary Catholic Church,Northcote Primary School,50540,,
1436,St Mary Catholic Church,Northcote Primary School,50672,,
1437,St Mary Catholic Church,Fanshawe Street,50865,,
1438,St Mary Catholic Church,Northcote Primary School,52464,,
1439,St Mary Catholic Church,Fanshawe Street,53823,,
1440,Northcote Primary School,Fanshawe Street,43,6000.0,7000.0
1441,Northcote Primary School,Bruce Street,306,6000.0,6500.0
1442,Northcote Primary School,Bruce Street,360,6000.0,6500.0
1443,Northcote Primary School,Fanshawe Street,652,6000.0,7000.0
1444,Northcote Primary School,Bruce Street,772,6000.0,6500.0
1445,Northcote Primary School,Bruce Street,1083,6000.0,6500.0
1446,Northcote Primary School,Fanshawe Street,1411,6000.0,7000.0
1447,Northcote Primary School,Bruce Street,1458,6000.0,6500.0
1448,Northcote Primary School,Fanshawe Street,1763,6000.0,7000.0
1449,Northcote Primary School,Bruce Street,2347,6000.0,6500.0
1450,Northcote Primary School,Fanshawe Street,2351,6000.0,7000.0
1451,Northcote Primary School,Fanshawe Street,2798,6000.0,7000.0
1452,Northcote Primary School,Bruce Street,3331,6000.0,6500.0
1453,Northcote Primary School,Fanshawe Street,3360,6000.0,7000.0
1454,Northcote Primary School,Fanshawe Street,3558,6000.0,7000.0
1455,Northcote Primary School,Bruce Street,4389,6000.0,6500.0
1456,Northcote Primary School,Fanshawe Street,4718,6000.0,7000.0
1457,Northcote Primary School,Bruce Street,4820,6000.0,6500.0
1458,Northcote Primary School,Fanshawe Street,5640,6000.0,7000.0
1459,Northcote Primary School,Bruce Street,6045,11000.0,11500.0
1460,Northcote Primary School,Fanshawe Street,6338,11000.0,12000.0
1461,Northcote Primary School,Bruce Street,6844,11000.0,11500.0
1462,Northcote Primary School,Bruce Street,6999,11000.0,11500.0
1463,Northcote Primary School,Bruce Street,7138,11000.0,11500.0
1464,Northcote Primary School,Bruce Street,7904,11000.0,11500.0
1465,Northcote Primary School,Bruce Street,8057,11000.0,11500.0
1466,Northcote Primary School,Bruce Street,8643,11000.0,11500.0
1467,Northcote Primary School,Fanshawe Street,8702,11000.0,12000.0
1468,Northcote Primary School,Fanshawe Street,8801,11000.0,12000.0
1469,Northcote Primary School,Fanshawe Street,9020,11000.0,12000.0
1470,Northcote Primary School,Fanshawe Street,9544,11000.0,12000.0
1471,Northcote Primary School,Fanshawe Street,10158,11000.0,12000.0
1472,Northcote Primary School,Bruce Street,10253,11000.0,11500.0
1473,Northcote Primary School,Bruce Street,10637,11000.0,11500.0
1474,Northcote Primary School,Bruce Street,11363,16000.0,16500.0
1475,Northcote Primary School,Bruce Street,11887,16000.0,16500.0
1476,Northcote Primary School,Fanshawe Street,12076,16000.0,17000.0
1477,Northcote Primary School,Bruce Street,12672,16000.0,16500.0
1478,Northcote Primary School,Bruce Street,13123,16000.0,16500.0
1479,Northcote Primary School,Bruce Street,13234,16000.0,16500.0
1480,Northcote Primary School,Bruce Street,13480,16000.0,16500.0
1481,Northcote Primary School,Fanshawe Street,13878,16000.0,17000.0
1482,Northcote Primary School,Fanshawe Street,14693,16000.0,17000.0
1483,Northcote Primary School,Fanshawe Street,14853,16000.0,17000.0
1484,Northcote Primary School,Fanshawe Street,15990,16000.0,17000.0
1485,Northcote Primary School,Fanshawe Street,16084,21000.0,22000.0
1486,Northcote Primary School,Bruce Street,17480,21000.0,21500.0
1487,Northcote Primary School,Bruce Street,17990,21000.0,21500.0
1488,Northcote Primary School,Fanshawe Street,18365,21000.0,22000.0
1489,Northcote Primary School,Bruce Street,18450,21000.0,21500.0
1490,Northcote Primary School,Bruce Street,19090,21000.0,21500.0
1491,Northcote Primary School,Bruce Street,19274,21000.0,21500.0
1492,Northcote Primary School,Fanshawe Street,19825,21000.0,22000.0
1493,Northcote Primary School,Bruce Street,20128,21000.0,21500.0
1494,Northcote Primary School,Bruce Street,20216,21000.0,21500.0
1495,Northcote Primary School,Bruce Street,20325,21000.0,21500.0
1496,Northcote Primary School,Fanshawe Street,20556,21000.0,22000.0
1497,Northcote Primary School,Bruce Street,21528,26000.0,26500.0
1498,Northcote Primary School,Fanshawe Street,21592,26000.0,27000.0
1499,Northcote Primary School,Bruce Street,21900,26000.0,26500.0
1500,Northcote Primary School,Bruce Street,21920,26000.0,26500.0
1501,Northcote Primary School,Bruce Street,22394,26000.0,26500.0
1502,Northcote Primary School,Bruce Street,22676,26000.0,26500.0
1503,Northcote Primary School,Fanshawe Street,23408,26000.0,27000.0
1504,Northcote Primary School,Fanshawe Street,23862,26000.0,27000.0
1505,Northcote Primary School,Bruce Street,24001,26000.0,26500.0
1506,Northcote Primary School,Fanshawe Street,24088,26000.0,27000.0
1507,Northcote Primary School,Bruce Street,24476,26000.0,26500.0
1508,Northcote Primary School,Bruce Street,24593,26000.0,26500.0
1509,Northcote Primary School,Fanshawe Street,24655,26000.0,27000.0
1510,Northcote Primary School,Bruce Street,25094,26000.0,26500.0
1511,Northcote Primary School,Fanshawe Street,25140,26000.0,27000.0
1512,Northcote Primary School,Bruce Street,25260,26000.0,26500.0
1513,Northcote Primary School,Bruce Street,25303,26000.0,26500.0
1514,Northcote Primary School,Fanshawe Street,27131,31000.0,32000.0
1515,Northcote Primary School,Fanshawe Street,27428,31000.0,32000.0
1516,Northcote Primary School,Bruce Street,27488,31000.0,31500.0
1517,Northcote Primary School,Bruce Street,27560,31000.0,31500.0
1518,Northcote Primary School,Bruce Street,27592,31000.0,31500.0
1519,Northcote Primary School,Bruce Street,27811,31000.0,31500.0
1520,Northcote Primary School,Bruce Street,28021,31000.0,31500.0
1521,Northcote Primary School,Bruce Street,28267,31000.0,31500.0
1522,Northcote Primary School,Fanshawe Street,28584,31000.0,32000.0
1523,Northcote Primary School,Fanshawe Street,28629,31000.0,32000.0
1524,Northcote Primary School,Bruce Street,28742,31000.0,31500.0
1525,Northcote Primary School,Fanshawe Street,28778,31000.0,32000.0
1526,Northcote Primary School,Bruce Street,28920,31000.0,31500.0
1527,Northcote Primary School,Fanshawe Street,29489,31000.0,32000.0
1528,Northcote Primary School,Bruce Street,29702,31000.0,31500.0
1529,Northcote Primary School,Bruce Street,29991,31000.0,31500.0
1530,Northcote Primary School,Fanshawe Street,30493,31000.0,32000.0
1531,Northcote Primary School,Bruce Street,31607,36000.0,36500.0
1532,Northcote Primary School,Fanshawe Street,31857,36000.0,37000.0
1533,Northcote Primary School,Fanshawe Street,31979,36000.0,37000.0
1534,Northcote Primary School,Bruce Street,32637,36000.0,36500.0
1535,Northcote Primary School,Bruce Street,33061,36000.0,36500.0
1536,Northcote Primary School,Bruce Street,33167,36000.0,36500.0
1537,Northcote Primary School,Bruce Street,33319,36000.0,36500.0
1538,Northcote Primary School,Bruce Street,33833,36000.0,36500.0
1539,Northcote Primary School,Fanshawe Street,34546,36000.0,37000.0
1540,Northcote Primary School,Bruce Street,36013,41000.0,41500.0
1541,Northcote Primary School,Bruce Street,36325,41000.0,41500.0
1542,Northcote Primary School,Bruce Street,36799,41000.0,41500.0
1543,Northcote Primary School,Bruce Street,37489,41000.0,41500.0
1544,Northcote Primary School,Fanshawe Street,38308,41000.0,42000.0
1545,Northcote Primary School,Fanshawe Street,38643,41000.0,42000.0
1546,Northcote Primary School,Fanshawe Street,38917,41000.0,42000.0
1547,Northcote Primary School,Fanshawe Street,39098,41000.0,42000.0
1548,Northcote Primary School,Fanshawe Street,39841,41000.0,42000.0
1549,Northcote Primary School,Bruce Street,40408,41000.0,41500.0
1550,Northcote Primary School,Bruce Street,40468,41000.0,41500.0
1551,Northcote Primary School,Bruce Street,40737,41000.0,41500.0
1552,Northcote Primary School,Bruce Street,41463,46000.0,46500.0
1553,Northcote Primary School,Fanshawe Street,41499,46000.0,47000.0
1554,Northcote Primary School,Bruce Street,41517,46000.0,46500.0
1555,Northcote Primary School,Fanshawe Street,41837,46000.0,47000.0
1556,Northcote Primary School,Bruce Street,41874,46000.0,46500.0
1557,Northcote Primary School,Fanshawe Street,42957,46000.0,47000.0
1558,Northcote Primary School,Fanshawe Street,43004,46000.0,47000.0
1559,Northcote Primary School,Bruce Street,43317,46000.0,46500.0
1560,Bruce Street,Fanshawe Street,313,6500.0,7000.0
1561,Bruce Street,Fanshawe Street,405,6500.0,7000.0
1562,Bruce Street,Fanshawe Street,795,6500.0,7000.0
1563,Bruce Street,Fanshawe Street,1322,6500.0,7000.0
1564,Bruce Street,Fanshawe Street,1362,6500.0,7000.0
1565,Bruce Street,Fanshawe Street,1465,6500.0,7000.0
1566,Bruce Street,Fanshawe Street,1521,6500.0,7000.0
1567,Bruce Street,Fanshawe Street,1663,6500.0,7000.0
1568,Bruce Street,Fanshawe Street,1786,6500.0,7000.0
1569,Bruce Street,Fanshawe Street,1895,6500.0,7000.0
1570,Bruce Street,Fanshawe Street,2519,6500.0,7000.0
1571,Bruce Street,Fanshawe Street,2615,6500.0,7000.0
1572,Bruce Street,Fanshawe Street,3664,6500.0,7000.0
1573,Bruce Street,Fanshawe Street,4735,6500.0,7000.0
1574,Bruce Street,Fanshawe Street,4843,6500.0,7000.0
1575,Bruce Street,Fanshawe Street,5002,6500.0,7000.0
1576,Bruce Street,Fanshawe Street,5273,6500.0,7000.0
1577,Bruce Street,Fanshawe Street,5577,6500.0,7000.0
1578,Bruce Street,Fanshawe Street,6145,6500.0,7000.0
1579,Bruce Street,Fanshawe Street,6253,6500.0,7000.0
1580,Bruce Street,Fanshawe Street,7308,11500.0,12000.0
1581,Bruce Street,Fanshawe Street,8105,11500.0,12000.0
1582,Bruce Street,Fanshawe Street,8208,11500.0,12000.0
1583,Bruce Street,Fanshawe Street,9669,11500.0,12000.0
1584,Bruce Street,Fanshawe Street,10442,11500.0,12000.0
1585,Bruce Street,Fanshawe Street,10988,11500.0,12000.0
1586,Bruce Street,Fanshawe Street,11790,16500.0,17000.0
1587,Bruce Street,Fanshawe Street,12532,16500.0,17000.0
1588,Bruce Street,Fanshawe Street,13063,16500.0,17000.0
1589,Bruce Street,Fanshawe Street,13871,16500.0,17000.0
1590,Bruce Street,Fanshawe Street,13959,16500.0,17000.0
1591,Bruce Street,Fanshawe Street,14082,16500.0,17000.0
1592,Bruce Street,Fanshawe Street,14534,16500.0,17000.0
1593,Bruce Street,Fanshawe Street,14777,16500.0,17000.0
1594,Bruce Street,Fanshawe Street,15772,16500.0,17000.0
1595,Bruce Street,Fanshawe Street,15930,16500.0,17000.0
1596,Bruce Street,Fanshawe Street,15988,16500.0,17000.0
1597,Bruce Street,Fanshawe Street,16274,16500.0,17000.0
1598,Bruce Street,Fanshawe Street,16373,16500.0,17000.0
1599,Bruce Street,Fanshawe Street,16831,21500.0,22000.0
1600,Bruce Street,Fanshawe Street,16980,21500.0,22000.0
1601,Bruce Street,Fanshawe Street,17227,21500.0,22000.0
1602,Bruce Street,Fanshawe Street,17518,21500.0,22000.0
1603,Bruce Street,Fanshawe Street,17686,21500.0,22000.0
1604,Bruce Street,Fanshawe Street,18122,21500.0,22000.0
1605,Bruce Street,Fanshawe Street,18410,21500.0,22000.0
1606,Bruce Street,Fanshawe Street,18712,21500.0,22000.0
1607,Bruce Street,Fanshawe Street,18956,21500.0,22000.0
1608,Bruce Street,Fanshawe Street,19003,21500.0,22000.0
1609,Bruce Street,Fanshawe Street,19652,21500.0,22000.0
1610,Bruce Street,Fanshawe Street,20935,21500.0,22000.0
1611,Bruce Street,Fanshawe Street,21154,21500.0,22000.0
1612,Bruce Street,Fanshawe Street,21236,21500.0,22000.0
1613,Bruce Street,Fanshawe Street,21424,21500.0,22000.0
1614,Bruce Street,Fanshawe Street,22669,26500.0,27000.0
1615,Bruce Street,Fanshawe Street,22771,26500.0,27000.0
1616,Bruce Street,Fanshawe Street,22886,26500.0,27000.0
1617,Bruce Street,Fanshawe Street,23122,26500.0,27000.0
1618,Bruce Street,Fanshawe Street,23633,26500.0,27000.0
1619,Bruce Street,Fanshawe Street,23818,26500.0,27000.0
1620,Bruce Street,Fanshawe Street,23943,26500.0,27000.0
1621,Bruce Street,Fanshawe Street,24476,26500.0,27000.0
1622,Bruce Street,Fanshawe Street,24555,26500.0,27000.0
1623,Bruce Street,Fanshawe Street,24559,26500.0,27000.0
1624,Bruce Street,Fanshawe Street,25277,26500.0,27000.0
1625,Bruce Street,Fanshawe Street,25419,26500.0,27000.0
1626,Bruce Street,Fanshawe Street,25582,26500.0,27000.0
1627,Bruce Street,Fanshawe Street,25696,26500.0,27000.0
1628,Bruce Street,Fanshawe Street,26422,26500.0,27000.0
1629,Bruce Street,Fanshawe Street,26930,31500.0,32000.0
1630,Bruce Street,Fanshawe Street,27142,31500.0,32000.0
1631,Bruce Street,Fanshawe Street,27344,31500.0,32000.0
1632,Bruce Street,Fanshawe Street,27627,31500.0,32000.0
1633,Bruce Street,Fanshawe Street,27797,31500.0,32000.0
1634,Bruce Street,Fanshawe Street,27958,31500.0,32000.0
1635,Bruce Street,Fanshawe Street,28803,31500.0,32000.0
1636,Bruce Street,Fanshawe Street,29309,31500.0,32000.0
1637,Bruce Street,Fanshawe Street,30286,31500.0,32000.0
1638,Bruce Street,Fanshawe Street,31286,31500.0,32000.0
1639,Bruce Street,Fanshawe Street,32970,36500.0,37000.0
1640,Bruce Street,Fanshawe Street,33319,36500.0,37000.0
1641,Bruce Street,Fanshawe Street,33973,36500.0,37000.0
1642,Bruce Street,Fanshawe Street,34402,36500.0,37000.0
1643,Bruce Street,Fanshawe Street,34933,36500.0,37000.0
1644,Bruce Street,Fanshawe Street,35220,36500.0,37000.0
1645,Bruce Street,Fanshawe Street,35770,36500.0,37000.0
1646,Bruce Street,Fanshawe Street,35993,36500.0,37000.0
1647,Bruce Street,Fanshawe Street,35999,36500.0,37000.0
1648,Bruce Street,Fanshawe Street,37025,41500.0,42000.0
1649,Bruce Street,Fanshawe Street,37493,41500.0,42000.0
1650,Bruce Street,Fanshawe Street,37507,41500.0,42000.0
1651,Bruce Street,Fanshawe Street,38070,41500.0,42000.0
1652,Bruce Street,Fanshawe Street,38134,41500.0,42000.0
1653,Bruce Street,Fanshawe Street,38230,41500.0,42000.0
1654,Bruce Street,Fanshawe Street,38485,41500.0,42000.0
1655,Bruce Street,Fanshawe Street,38857,41500.0,42000.0
1656,Bruce Street,Fanshawe Street,40045,41500.0,42000.0
1657,Bruce Street,Fanshawe Street,40193,41500.0,42000.0
1658,Bruce Street,Fanshawe Street,40407,41500.0,42000.0
1659,Bruce Street,Fanshawe Street,40792,41500.0,42000.0
1660,Bruce Street,Fanshawe Street,41275,41500.0,42000.0
1661,Bruce Street,Fanshawe Street,42411,46500.0,47000.0
1662,Bruce Street,Fanshawe Street,43002,46500.0,47000.0
1663,Bruce Street,Fanshawe Street,43474,46500.0,47000.0
1664,Bruce Street,Fanshawe Street,43842,46500.0,47000.0
1665,Bruce Street,Fanshawe Street,43887,46500.0,47000.0
1666,Bruce Street,Fanshawe Street,43902,46500.0,47000.0
1667,Bruce Street,Fanshawe Street,44023,46500.0,47000.0
1668,Bruce Street,Fanshawe Street,44720,46500.0,47000.0
1669,Bruce Street,Fanshawe Street,45662,46500.0,47000.0
1670,Bruce Street,Fanshawe Street,46232,46500.0,47000.0
1671,Bruce Street,Fanshawe Street,46477,46500.0,47000.0
1672,Bruce Street,Fanshawe Street,46548,51500.0,52000.0
1673,Bruce Street,Fanshawe Street,47630,51500.0,52000.0
1674,Bruce Street,Fanshawe Street,47690,51500.0,52000.0
1675,Bruce Street,Fanshawe Street,47974,51500.0,52000.0
1676,Bruce Street,Fanshawe Street,48298,51500.0,52000.0
1677,Bruce Street,Fanshawe Street,48499,51500.0,52000.0
1678,Bruce Street,Fanshawe Street,49110,51500.0,52000.0
1679,Bruce Street,Fanshawe Street,49175,51500.0,52000.0
